#
# There is insufficient memory for the Java Runtime Environment to continue.
# Native memory allocation (mmap) failed to map 448790528 bytes. Error detail: G1 virtual space
# Possible reasons:
#   The system is out of physical RAM or swap space
#   This process is running with CompressedOops enabled, and the Java Heap may be blocking the growth of the native heap
# Possible solutions:
#   Reduce memory load on the system
#   Increase physical memory or swap space
#   Check if swap backing store is full
#   Decrease Java heap size (-Xmx/-Xms)
#   Decrease number of Java threads
#   Decrease Java thread stack sizes (-Xss)
#   Set larger code cache with -XX:ReservedCodeCacheSize=
#   JVM is running with Unscaled Compressed Oops mode in which the Java heap is
#     placed in the first 4GB address space. The Java Heap base address is the
#     maximum limit for the native heap growth. Please use -XX:HeapBaseMinAddress
#     to set the Java Heap base and to place the Java Heap above 4GB virtual address.
# This output file may be truncated or incomplete.
#
#  Out of Memory Error (os_windows.cpp:3925), pid=28660, tid=24304
#
# JRE version: OpenJDK Runtime Environment (21.0.8) (build 21.0.8+-14018985-b1038.68)
# Java VM: OpenJDK 64-Bit Server VM (21.0.8+-14018985-b1038.68, mixed mode, tiered, compressed oops, compressed class ptrs, g1 gc, windows-amd64)
# No core dump will be written. Minidumps are not enabled by default on client versions of Windows
#

---------------  S U M M A R Y ------------

Command Line: --add-opens=java.base/java.lang=ALL-UNNAMED --add-opens=java.base/java.lang.invoke=ALL-UNNAMED --add-opens=java.base/java.util=ALL-UNNAMED --add-opens=java.prefs/java.util.prefs=ALL-UNNAMED --add-exports=jdk.compiler/com.sun.tools.javac.api=ALL-UNNAMED --add-exports=jdk.compiler/com.sun.tools.javac.util=ALL-UNNAMED --add-opens=java.base/java.util=ALL-UNNAMED --add-opens=java.prefs/java.util.prefs=ALL-UNNAMED --add-opens=java.base/java.nio.charset=ALL-UNNAMED --add-opens=java.base/java.net=ALL-UNNAMED --add-opens=java.base/java.util.concurrent.atomic=ALL-UNNAMED --add-opens=java.xml/javax.xml.namespace=ALL-UNNAMED -Xmx2048m -Dfile.encoding=UTF-8 -Duser.country=US -Duser.language=en -Duser.variant -javaagent:C:\Users\michael\.gradle\wrapper\dists\gradle-8.13-bin\5xuhj0ry160q40clulazy9h7d\gradle-8.13\lib\agents\gradle-instrumentation-agent-8.13.jar org.gradle.launcher.daemon.bootstrap.GradleDaemon 8.13

Host: Intel(R) Core(TM) i7-10610U CPU @ 1.80GHz, 8 cores, 15G,  Windows 11 , 64 bit Build 26100 (10.0.26100.8246)
Time: Mon Apr 27 16:05:29 2026 Middle East Daylight Time elapsed time: 21.295641 seconds (0d 0h 0m 21s)

---------------  T H R E A D  ---------------

Current thread (0x000002634aa0fb80):  VMThread "VM Thread"          [id=24304, stack(0x000000e85cd00000,0x000000e85ce00000) (1024K)]

Stack: [0x000000e85cd00000,0x000000e85ce00000]
Native frames: (J=compiled Java code, j=interpreted, Vv=VM code, C=native code)
V  [jvm.dll+0x6d68d9]
V  [jvm.dll+0x866693]
V  [jvm.dll+0x868c4e]
V  [jvm.dll+0x869333]
V  [jvm.dll+0x280566]
V  [jvm.dll+0x6d3195]
V  [jvm.dll+0x6c69ea]
V  [jvm.dll+0x3586db]
V  [jvm.dll+0x360336]
V  [jvm.dll+0x3b23f6]
V  [jvm.dll+0x3b26c8]
V  [jvm.dll+0x32ae6c]
V  [jvm.dll+0x32aef7]
V  [jvm.dll+0x370d3c]
V  [jvm.dll+0x36f4ee]
V  [jvm.dll+0x32a5c1]
V  [jvm.dll+0x36ebf0]
V  [jvm.dll+0x86f0b8]
V  [jvm.dll+0x870434]
V  [jvm.dll+0x870970]
V  [jvm.dll+0x870c03]
V  [jvm.dll+0x80eac8]
V  [jvm.dll+0x6d512d]
C  [ucrtbase.dll+0x37b0]
C  [KERNEL32.DLL+0x2e8d7]
C  [ntdll.dll+0x8c3fc]

VM_Operation (0x000000e8628f6730): G1CollectForAllocation, mode: safepoint, requested by thread 0x0000026350d4a9c0


---------------  P R O C E S S  ---------------

Threads class SMR info:
_java_thread_list=0x00000263568ccd30, length=135, elements={
0x00000263332648b0, 0x000002634aa99940, 0x000002634aaa6220, 0x000002634aaa2d90,
0x000002634aac1a30, 0x000002634aac2490, 0x000002634aac3300, 0x000002634aac3d60,
0x000002634aac5290, 0x000002634aac8280, 0x000002634ad5a6a0, 0x000002634f285200,
0x0000026350aa5b50, 0x0000026350bbc360, 0x0000026350e500b0, 0x0000026350dbb6d0,
0x0000026350dbed60, 0x0000026350d7d970, 0x0000026350e3ce00, 0x000002635105bda0,
0x000002635105a360, 0x0000026351059cd0, 0x000002635105a9f0, 0x000002635105b080,
0x0000026351059640, 0x000002635105cac0, 0x000002635105b710, 0x000002635251ebd0,
0x000002635251f260, 0x000002635251d820, 0x000002635251f8f0, 0x0000026352520610,
0x0000026352520ca0, 0x0000026352521330, 0x000002635251deb0, 0x00000263525247b0,
0x0000026352523a90, 0x0000026352523400, 0x0000026352524120, 0x00000263525219c0,
0x0000026352522050, 0x00000263525226e0, 0x0000026352522d70, 0x0000026355c52930,
0x0000026355c55720, 0x0000026355c54a00, 0x0000026355c53650, 0x0000026355c53ce0,
0x0000026355c522a0, 0x0000026355c52fc0, 0x0000026355c55090, 0x0000026355c54370,
0x0000026355c43cd0, 0x0000026355c477e0, 0x0000026355c48b90, 0x0000026355c45da0,
0x0000026355c47e70, 0x0000026355c47150, 0x0000026355c46ac0, 0x0000026355c48500,
0x0000026355c46430, 0x0000026355c49220, 0x0000026355c498b0, 0x0000026354912090,
0x0000026354911a00, 0x0000026354912db0, 0x0000026354910650, 0x0000026354912720,
0x0000026354913440, 0x000002635490ffc0, 0x0000026354914160, 0x0000026354913ad0,
0x0000026354910ce0, 0x0000026354914e80, 0x0000026350d46190, 0x0000026350d43a30,
0x0000026350d46820, 0x00000263559a6400, 0x0000026350d4a330, 0x0000026350d47bd0,
0x0000026350d49ca0, 0x0000026350d48260, 0x0000026350d46eb0, 0x0000026350d4a9c0,
0x0000026350d47540, 0x0000026350d488f0, 0x0000026351d993b0, 0x0000026351d98d20,
0x0000026351d9c830, 0x0000026351d9cec0, 0x0000026351d99a40, 0x0000026351d9dbe0,
0x0000026351d9e270, 0x0000026351d9d550, 0x0000026351d9e900, 0x0000026351d9ef90,
0x0000026351d9f620, 0x0000026354916230, 0x0000026354916f50, 0x000002635c88d910,
0x000002635c88bed0, 0x0000026356a86360, 0x0000026356a8ab90, 0x0000026356a8bf40,
0x0000026356a8c5d0, 0x0000026356a89e70, 0x0000026356a8a500, 0x0000026356a8b220,
0x0000026356a8b8b0, 0x000002635c2dfbe0, 0x000002635c2e0270, 0x000002635c2ddb10,
0x000002635c2e0900, 0x000002635c2e0f90, 0x000002635c2e1620, 0x000002635c2de830,
0x000002635c2de1a0, 0x000002635c2e1cb0, 0x000002635c2e2340, 0x000002635c2deec0,
0x000002635c2df550, 0x000002635c2e3d80, 0x000002635c2e29d0, 0x000002635c2e5130,
0x000002635c2e36f0, 0x000002635c2e4410, 0x000002635c2e4aa0, 0x000002635c88dfa0,
0x000002635c88c560, 0x000002635c88cbf0, 0x000002635c88e630, 0x000002635c88d280,
0x000002635c88b840, 0x000002635c88ecc0, 0x000002635c890700
}

Java Threads: ( => current thread )
  0x00000263332648b0 JavaThread "main"                              [_thread_blocked, id=23716, stack(0x000000e85c600000,0x000000e85c700000) (1024K)]
  0x000002634aa99940 JavaThread "Common-Cleaner"             daemon [_thread_blocked, id=14944, stack(0x000000e85ce00000,0x000000e85cf00000) (1024K)]
  0x000002634aaa6220 JavaThread "Reference Handler"          daemon [_thread_blocked, id=16904, stack(0x000000e85cf00000,0x000000e85d000000) (1024K)]
  0x000002634aaa2d90 JavaThread "Finalizer"                  daemon [_thread_blocked, id=1556, stack(0x000000e85d000000,0x000000e85d100000) (1024K)]
  0x000002634aac1a30 JavaThread "Signal Dispatcher"          daemon [_thread_blocked, id=24104, stack(0x000000e85d100000,0x000000e85d200000) (1024K)]
  0x000002634aac2490 JavaThread "Attach Listener"            daemon [_thread_blocked, id=30012, stack(0x000000e85d200000,0x000000e85d300000) (1024K)]
  0x000002634aac3300 JavaThread "Service Thread"             daemon [_thread_blocked, id=10484, stack(0x000000e85d300000,0x000000e85d400000) (1024K)]
  0x000002634aac3d60 JavaThread "Monitor Deflation Thread"   daemon [_thread_blocked, id=5512, stack(0x000000e85d400000,0x000000e85d500000) (1024K)]
  0x000002634aac5290 JavaThread "C2 CompilerThread0"         daemon [_thread_blocked, id=29272, stack(0x000000e85d500000,0x000000e85d600000) (1024K)]
  0x000002634aac8280 JavaThread "C1 CompilerThread0"         daemon [_thread_blocked, id=27700, stack(0x000000e85d600000,0x000000e85d700000) (1024K)]
  0x000002634ad5a6a0 JavaThread "Notification Thread"        daemon [_thread_blocked, id=20220, stack(0x000000e85d700000,0x000000e85d800000) (1024K)]
  0x000002634f285200 JavaThread "C2 CompilerThread1"         daemon [_thread_in_native, id=1344, stack(0x000000e85d800000,0x000000e85d900000) (1024K)]
  0x0000026350aa5b50 JavaThread "Daemon health stats"               [_thread_blocked, id=24928, stack(0x000000e85df00000,0x000000e85e000000) (1024K)]
  0x0000026350bbc360 JavaThread "Incoming local TCP Connector on port 53647"        [_thread_in_native, id=14760, stack(0x000000e85e200000,0x000000e85e300000) (1024K)]
  0x0000026350e500b0 JavaThread "Daemon periodic checks"            [_thread_blocked, id=8076, stack(0x000000e85e300000,0x000000e85e400000) (1024K)]
  0x0000026350dbb6d0 JavaThread "Daemon"                            [_thread_blocked, id=28080, stack(0x000000e85e400000,0x000000e85e500000) (1024K)]
  0x0000026350dbed60 JavaThread "Handler for socket connection from /127.0.0.1:53647 to /127.0.0.1:53648"        [_thread_in_native, id=16628, stack(0x000000e85e500000,0x000000e85e600000) (1024K)]
  0x0000026350d7d970 JavaThread "Cancel handler"                    [_thread_blocked, id=13740, stack(0x000000e85e600000,0x000000e85e700000) (1024K)]
  0x0000026350e3ce00 JavaThread "Daemon worker"                     [_thread_blocked, id=30252, stack(0x000000e85e700000,0x000000e85e800000) (1024K)]
  0x000002635105bda0 JavaThread "Asynchronous log dispatcher for DefaultDaemonConnection: socket connection from /127.0.0.1:53647 to /127.0.0.1:53648"        [_thread_blocked, id=21076, stack(0x000000e85e800000,0x000000e85e900000) (1024K)]
  0x000002635105a360 JavaThread "Stdin handler"                     [_thread_blocked, id=27996, stack(0x000000e85e900000,0x000000e85ea00000) (1024K)]
  0x0000026351059cd0 JavaThread "Daemon client event forwarder"        [_thread_blocked, id=23396, stack(0x000000e85ea00000,0x000000e85eb00000) (1024K)]
  0x000002635105a9f0 JavaThread "Cache worker for journal cache (C:\Users\michael\.gradle\caches\journal-1)"        [_thread_blocked, id=21988, stack(0x000000e85ec00000,0x000000e85ed00000) (1024K)]
  0x000002635105b080 JavaThread "File lock request listener"        [_thread_in_native, id=8164, stack(0x000000e85ed00000,0x000000e85ee00000) (1024K)]
  0x0000026351059640 JavaThread "Cache worker for file hash cache (C:\Users\michael\.gradle\caches\8.13\fileHashes)"        [_thread_blocked, id=10116, stack(0x000000e85ee00000,0x000000e85ef00000) (1024K)]
  0x000002635105cac0 JavaThread "Cache worker for file hash cache (C:\Users\michael\AndroidStudioProjects\daizcode\.gradle\8.13\fileHashes)"        [_thread_blocked, id=24204, stack(0x000000e85ef00000,0x000000e85f000000) (1024K)]
  0x000002635105b710 JavaThread "Cache worker for Build Output Cleanup Cache (C:\Users\michael\AndroidStudioProjects\daizcode\.gradle\buildOutputCleanup)"        [_thread_blocked, id=23196, stack(0x000000e85f000000,0x000000e85f100000) (1024K)]
  0x000002635251ebd0 JavaThread "File watcher server"        daemon [_thread_blocked, id=928, stack(0x000000e85f100000,0x000000e85f200000) (1024K)]
  0x000002635251f260 JavaThread "File watcher consumer"      daemon [_thread_blocked, id=18844, stack(0x000000e85f200000,0x000000e85f300000) (1024K)]
  0x000002635251d820 JavaThread "jar transforms"                    [_thread_blocked, id=23164, stack(0x000000e85f300000,0x000000e85f400000) (1024K)]
  0x000002635251f8f0 JavaThread "jar transforms Thread 2"           [_thread_blocked, id=17096, stack(0x000000e85f400000,0x000000e85f500000) (1024K)]
  0x0000026352520610 JavaThread "Cache worker for checksums cache (C:\Users\michael\AndroidStudioProjects\daizcode\.gradle\8.13\checksums)"        [_thread_blocked, id=26720, stack(0x000000e85f500000,0x000000e85f600000) (1024K)]
  0x0000026352520ca0 JavaThread "Cache worker for file content cache (C:\Users\michael\.gradle\caches\8.13\fileContent)"        [_thread_blocked, id=26192, stack(0x000000e85f600000,0x000000e85f700000) (1024K)]
  0x0000026352521330 JavaThread "jar transforms Thread 3"           [_thread_blocked, id=2696, stack(0x000000e85f700000,0x000000e85f800000) (1024K)]
  0x000002635251deb0 JavaThread "jar transforms Thread 4"           [_thread_blocked, id=4540, stack(0x000000e85f800000,0x000000e85f900000) (1024K)]
  0x00000263525247b0 JavaThread "jar transforms Thread 5"           [_thread_blocked, id=15660, stack(0x000000e85f900000,0x000000e85fa00000) (1024K)]
  0x0000026352523a90 JavaThread "Cache worker for cache directory md-supplier (C:\Users\michael\.gradle\caches\8.13\md-supplier)"        [_thread_blocked, id=7524, stack(0x000000e85fa00000,0x000000e85fb00000) (1024K)]
  0x0000026352523400 JavaThread "Cache worker for cache directory md-rule (C:\Users\michael\.gradle\caches\8.13\md-rule)"        [_thread_blocked, id=22788, stack(0x000000e85fb00000,0x000000e85fc00000) (1024K)]
  0x0000026352524120 JavaThread "Unconstrained build operations"        [_thread_blocked, id=28248, stack(0x000000e85fc00000,0x000000e85fd00000) (1024K)]
  0x00000263525219c0 JavaThread "Unconstrained build operations Thread 2"        [_thread_blocked, id=6064, stack(0x000000e85fd00000,0x000000e85fe00000) (1024K)]
  0x0000026352522050 JavaThread "Unconstrained build operations Thread 3"        [_thread_blocked, id=23760, stack(0x000000e85fe00000,0x000000e85ff00000) (1024K)]
  0x00000263525226e0 JavaThread "Unconstrained build operations Thread 4"        [_thread_blocked, id=9560, stack(0x000000e85ff00000,0x000000e860000000) (1024K)]
  0x0000026352522d70 JavaThread "Unconstrained build operations Thread 5"        [_thread_blocked, id=10172, stack(0x000000e860000000,0x000000e860100000) (1024K)]
  0x0000026355c52930 JavaThread "Unconstrained build operations Thread 6"        [_thread_blocked, id=25048, stack(0x000000e860100000,0x000000e860200000) (1024K)]
  0x0000026355c55720 JavaThread "Unconstrained build operations Thread 7"        [_thread_blocked, id=24520, stack(0x000000e860200000,0x000000e860300000) (1024K)]
  0x0000026355c54a00 JavaThread "Unconstrained build operations Thread 8"        [_thread_blocked, id=2376, stack(0x000000e860300000,0x000000e860400000) (1024K)]
  0x0000026355c53650 JavaThread "jar transforms Thread 6"           [_thread_blocked, id=30584, stack(0x000000e860400000,0x000000e860500000) (1024K)]
  0x0000026355c53ce0 JavaThread "jar transforms Thread 7"           [_thread_blocked, id=21220, stack(0x000000e860500000,0x000000e860600000) (1024K)]
  0x0000026355c522a0 JavaThread "Unconstrained build operations Thread 9"        [_thread_blocked, id=15216, stack(0x000000e860600000,0x000000e860700000) (1024K)]
  0x0000026355c52fc0 JavaThread "Unconstrained build operations Thread 10"        [_thread_blocked, id=11944, stack(0x000000e860700000,0x000000e860800000) (1024K)]
  0x0000026355c55090 JavaThread "Unconstrained build operations Thread 11"        [_thread_blocked, id=10428, stack(0x000000e860800000,0x000000e860900000) (1024K)]
  0x0000026355c54370 JavaThread "Unconstrained build operations Thread 12"        [_thread_blocked, id=29612, stack(0x000000e860900000,0x000000e860a00000) (1024K)]
  0x0000026355c43cd0 JavaThread "jar transforms Thread 8"           [_thread_blocked, id=4564, stack(0x000000e860a00000,0x000000e860b00000) (1024K)]
  0x0000026355c477e0 JavaThread "Unconstrained build operations Thread 13"        [_thread_blocked, id=12008, stack(0x000000e860b00000,0x000000e860c00000) (1024K)]
  0x0000026355c48b90 JavaThread "Unconstrained build operations Thread 14"        [_thread_blocked, id=4996, stack(0x000000e860c00000,0x000000e860d00000) (1024K)]
  0x0000026355c45da0 JavaThread "Unconstrained build operations Thread 15"        [_thread_blocked, id=5072, stack(0x000000e860d00000,0x000000e860e00000) (1024K)]
  0x0000026355c47e70 JavaThread "Unconstrained build operations Thread 16"        [_thread_blocked, id=7432, stack(0x000000e860e00000,0x000000e860f00000) (1024K)]
  0x0000026355c47150 JavaThread "Unconstrained build operations Thread 17"        [_thread_blocked, id=17216, stack(0x000000e860f00000,0x000000e861000000) (1024K)]
  0x0000026355c46ac0 JavaThread "Unconstrained build operations Thread 18"        [_thread_blocked, id=1328, stack(0x000000e861000000,0x000000e861100000) (1024K)]
  0x0000026355c48500 JavaThread "Unconstrained build operations Thread 19"        [_thread_blocked, id=13904, stack(0x000000e861100000,0x000000e861200000) (1024K)]
  0x0000026355c46430 JavaThread "Unconstrained build operations Thread 20"        [_thread_blocked, id=28492, stack(0x000000e861200000,0x000000e861300000) (1024K)]
  0x0000026355c49220 JavaThread "Unconstrained build operations Thread 21"        [_thread_blocked, id=28832, stack(0x000000e861300000,0x000000e861400000) (1024K)]
  0x0000026355c498b0 JavaThread "Unconstrained build operations Thread 22"        [_thread_blocked, id=23852, stack(0x000000e861400000,0x000000e861500000) (1024K)]
  0x0000026354912090 JavaThread "Unconstrained build operations Thread 23"        [_thread_blocked, id=24268, stack(0x000000e861500000,0x000000e861600000) (1024K)]
  0x0000026354911a00 JavaThread "Unconstrained build operations Thread 24"        [_thread_blocked, id=11348, stack(0x000000e861600000,0x000000e861700000) (1024K)]
  0x0000026354912db0 JavaThread "Unconstrained build operations Thread 25"        [_thread_blocked, id=16944, stack(0x000000e861700000,0x000000e861800000) (1024K)]
  0x0000026354910650 JavaThread "Unconstrained build operations Thread 26"        [_thread_blocked, id=27360, stack(0x000000e861800000,0x000000e861900000) (1024K)]
  0x0000026354912720 JavaThread "Unconstrained build operations Thread 27"        [_thread_blocked, id=24428, stack(0x000000e861900000,0x000000e861a00000) (1024K)]
  0x0000026354913440 JavaThread "Unconstrained build operations Thread 28"        [_thread_blocked, id=25464, stack(0x000000e861a00000,0x000000e861b00000) (1024K)]
  0x000002635490ffc0 JavaThread "Unconstrained build operations Thread 29"        [_thread_blocked, id=18652, stack(0x000000e861b00000,0x000000e861c00000) (1024K)]
  0x0000026354914160 JavaThread "Unconstrained build operations Thread 30"        [_thread_blocked, id=29284, stack(0x000000e861c00000,0x000000e861d00000) (1024K)]
  0x0000026354913ad0 JavaThread "Unconstrained build operations Thread 31"        [_thread_blocked, id=21836, stack(0x000000e861d00000,0x000000e861e00000) (1024K)]
  0x0000026354910ce0 JavaThread "Unconstrained build operations Thread 32"        [_thread_blocked, id=23636, stack(0x000000e861e00000,0x000000e861f00000) (1024K)]
  0x0000026354914e80 JavaThread "Unconstrained build operations Thread 33"        [_thread_blocked, id=18604, stack(0x000000e861f00000,0x000000e862000000) (1024K)]
  0x0000026350d46190 JavaThread "build event listener"              [_thread_blocked, id=23208, stack(0x000000e862000000,0x000000e862100000) (1024K)]
  0x0000026350d43a30 JavaThread "Memory manager"                    [_thread_blocked, id=23068, stack(0x000000e85d900000,0x000000e85da00000) (1024K)]
  0x0000026350d46820 JavaThread "build event listener"              [_thread_blocked, id=4952, stack(0x000000e862100000,0x000000e862200000) (1024K)]
  0x00000263559a6400 JavaThread "C2 CompilerThread2"         daemon [_thread_blocked, id=652, stack(0x000000e862200000,0x000000e862300000) (1024K)]
  0x0000026350d4a330 JavaThread "included builds"                   [_thread_blocked, id=2144, stack(0x000000e862300000,0x000000e862400000) (1024K)]
  0x0000026350d47bd0 JavaThread "Execution worker"                  [_thread_blocked, id=19088, stack(0x000000e862400000,0x000000e862500000) (1024K)]
  0x0000026350d49ca0 JavaThread "Execution worker Thread 2"         [_thread_blocked, id=5108, stack(0x000000e862500000,0x000000e862600000) (1024K)]
  0x0000026350d48260 JavaThread "Execution worker Thread 3"         [_thread_blocked, id=15108, stack(0x000000e862600000,0x000000e862700000) (1024K)]
  0x0000026350d46eb0 JavaThread "Execution worker Thread 4"         [_thread_blocked, id=24636, stack(0x000000e862700000,0x000000e862800000) (1024K)]
  0x0000026350d4a9c0 JavaThread "Execution worker Thread 5"         [_thread_blocked, id=2264, stack(0x000000e862800000,0x000000e862900000) (1024K)]
  0x0000026350d47540 JavaThread "Execution worker Thread 6"         [_thread_blocked, id=29456, stack(0x000000e862900000,0x000000e862a00000) (1024K)]
  0x0000026350d488f0 JavaThread "Execution worker Thread 7"         [_thread_blocked, id=28868, stack(0x000000e862a00000,0x000000e862b00000) (1024K)]
  0x0000026351d993b0 JavaThread "Cache worker for execution history cache (C:\Users\michael\AndroidStudioProjects\daizcode\.gradle\8.13\executionHistory)"        [_thread_blocked, id=29452, stack(0x000000e862b00000,0x000000e862c00000) (1024K)]
  0x0000026351d98d20 JavaThread "Unconstrained build operations Thread 34"        [_thread_blocked, id=29512, stack(0x000000e862c00000,0x000000e862d00000) (1024K)]
  0x0000026351d9c830 JavaThread "Unconstrained build operations Thread 35"        [_thread_blocked, id=8324, stack(0x000000e862d00000,0x000000e862e00000) (1024K)]
  0x0000026351d9cec0 JavaThread "Unconstrained build operations Thread 36"        [_thread_blocked, id=29188, stack(0x000000e862e00000,0x000000e862f00000) (1024K)]
  0x0000026351d99a40 JavaThread "Unconstrained build operations Thread 37"        [_thread_blocked, id=1768, stack(0x000000e862f00000,0x000000e863000000) (1024K)]
  0x0000026351d9dbe0 JavaThread "Unconstrained build operations Thread 38"        [_thread_blocked, id=18624, stack(0x000000e863000000,0x000000e863100000) (1024K)]
  0x0000026351d9e270 JavaThread "Unconstrained build operations Thread 39"        [_thread_blocked, id=5908, stack(0x000000e863100000,0x000000e863200000) (1024K)]
  0x0000026351d9d550 JavaThread "Unconstrained build operations Thread 40"        [_thread_blocked, id=27760, stack(0x000000e863200000,0x000000e863300000) (1024K)]
  0x0000026351d9e900 JavaThread "Unconstrained build operations Thread 41"        [_thread_blocked, id=20888, stack(0x000000e863300000,0x000000e863400000) (1024K)]
  0x0000026351d9ef90 JavaThread "Unconstrained build operations Thread 42"        [_thread_blocked, id=13176, stack(0x000000e863400000,0x000000e863500000) (1024K)]
  0x0000026351d9f620 JavaThread "Unconstrained build operations Thread 43"        [_thread_blocked, id=28920, stack(0x000000e863500000,0x000000e863600000) (1024K)]
  0x0000026354916230 JavaThread "Unconstrained build operations Thread 44"        [_thread_blocked, id=29516, stack(0x000000e863600000,0x000000e863700000) (1024K)]
  0x0000026354916f50 JavaThread "Unconstrained build operations Thread 45"        [_thread_blocked, id=19688, stack(0x000000e863700000,0x000000e863800000) (1024K)]
  0x000002635c88d910 JavaThread "Unconstrained build operations Thread 46"        [_thread_blocked, id=11152, stack(0x000000e863800000,0x000000e863900000) (1024K)]
  0x000002635c88bed0 JavaThread "Unconstrained build operations Thread 47"        [_thread_blocked, id=22484, stack(0x000000e863900000,0x000000e863a00000) (1024K)]
  0x0000026356a86360 JavaThread "Unconstrained build operations Thread 48"        [_thread_blocked, id=30224, stack(0x000000e863a00000,0x000000e863b00000) (1024K)]
  0x0000026356a8ab90 JavaThread "Unconstrained build operations Thread 49"        [_thread_blocked, id=10824, stack(0x000000e863b00000,0x000000e863c00000) (1024K)]
  0x0000026356a8bf40 JavaThread "Unconstrained build operations Thread 50"        [_thread_blocked, id=7192, stack(0x000000e863c00000,0x000000e863d00000) (1024K)]
  0x0000026356a8c5d0 JavaThread "Unconstrained build operations Thread 51"        [_thread_blocked, id=15400, stack(0x000000e863d00000,0x000000e863e00000) (1024K)]
  0x0000026356a89e70 JavaThread "Unconstrained build operations Thread 52"        [_thread_blocked, id=24516, stack(0x000000e863e00000,0x000000e863f00000) (1024K)]
  0x0000026356a8a500 JavaThread "Unconstrained build operations Thread 53"        [_thread_blocked, id=30628, stack(0x000000e863f00000,0x000000e864000000) (1024K)]
  0x0000026356a8b220 JavaThread "Unconstrained build operations Thread 54"        [_thread_blocked, id=11840, stack(0x000000e864000000,0x000000e864100000) (1024K)]
  0x0000026356a8b8b0 JavaThread "Unconstrained build operations Thread 55"        [_thread_blocked, id=27448, stack(0x000000e864100000,0x000000e864200000) (1024K)]
  0x000002635c2dfbe0 JavaThread "Unconstrained build operations Thread 56"        [_thread_blocked, id=22952, stack(0x000000e864200000,0x000000e864300000) (1024K)]
  0x000002635c2e0270 JavaThread "Unconstrained build operations Thread 57"        [_thread_blocked, id=3240, stack(0x000000e864300000,0x000000e864400000) (1024K)]
  0x000002635c2ddb10 JavaThread "Unconstrained build operations Thread 58"        [_thread_blocked, id=22992, stack(0x000000e864400000,0x000000e864500000) (1024K)]
  0x000002635c2e0900 JavaThread "Unconstrained build operations Thread 59"        [_thread_blocked, id=30328, stack(0x000000e864500000,0x000000e864600000) (1024K)]
  0x000002635c2e0f90 JavaThread "Unconstrained build operations Thread 60"        [_thread_blocked, id=29344, stack(0x000000e864600000,0x000000e864700000) (1024K)]
  0x000002635c2e1620 JavaThread "Unconstrained build operations Thread 61"        [_thread_blocked, id=15944, stack(0x000000e864700000,0x000000e864800000) (1024K)]
  0x000002635c2de830 JavaThread "Unconstrained build operations Thread 62"        [_thread_blocked, id=15812, stack(0x000000e864800000,0x000000e864900000) (1024K)]
  0x000002635c2de1a0 JavaThread "Unconstrained build operations Thread 63"        [_thread_blocked, id=19320, stack(0x000000e864900000,0x000000e864a00000) (1024K)]
  0x000002635c2e1cb0 JavaThread "Unconstrained build operations Thread 64"        [_thread_blocked, id=3560, stack(0x000000e864a00000,0x000000e864b00000) (1024K)]
  0x000002635c2e2340 JavaThread "Unconstrained build operations Thread 65"        [_thread_blocked, id=10184, stack(0x000000e864b00000,0x000000e864c00000) (1024K)]
  0x000002635c2deec0 JavaThread "Unconstrained build operations Thread 66"        [_thread_blocked, id=11804, stack(0x000000e864c00000,0x000000e864d00000) (1024K)]
  0x000002635c2df550 JavaThread "Unconstrained build operations Thread 67"        [_thread_blocked, id=21908, stack(0x000000e864d00000,0x000000e864e00000) (1024K)]
  0x000002635c2e3d80 JavaThread "Unconstrained build operations Thread 68"        [_thread_blocked, id=22836, stack(0x000000e864e00000,0x000000e864f00000) (1024K)]
  0x000002635c2e29d0 JavaThread "Unconstrained build operations Thread 69"        [_thread_blocked, id=11516, stack(0x000000e864f00000,0x000000e865000000) (1024K)]
  0x000002635c2e5130 JavaThread "Unconstrained build operations Thread 70"        [_thread_blocked, id=27708, stack(0x000000e865000000,0x000000e865100000) (1024K)]
  0x000002635c2e36f0 JavaThread "Unconstrained build operations Thread 71"        [_thread_blocked, id=2864, stack(0x000000e865100000,0x000000e865200000) (1024K)]
  0x000002635c2e4410 JavaThread "Unconstrained build operations Thread 72"        [_thread_blocked, id=29524, stack(0x000000e865200000,0x000000e865300000) (1024K)]
  0x000002635c2e4aa0 JavaThread "Unconstrained build operations Thread 73"        [_thread_blocked, id=20368, stack(0x000000e865300000,0x000000e865400000) (1024K)]
  0x000002635c88dfa0 JavaThread "Unconstrained build operations Thread 74"        [_thread_blocked, id=26488, stack(0x000000e865400000,0x000000e865500000) (1024K)]
  0x000002635c88c560 JavaThread "Unconstrained build operations Thread 75"        [_thread_blocked, id=23032, stack(0x000000e865500000,0x000000e865600000) (1024K)]
  0x000002635c88cbf0 JavaThread "Unconstrained build operations Thread 76"        [_thread_blocked, id=1276, stack(0x000000e865600000,0x000000e865700000) (1024K)]
  0x000002635c88e630 JavaThread "Unconstrained build operations Thread 77"        [_thread_blocked, id=16288, stack(0x000000e865700000,0x000000e865800000) (1024K)]
  0x000002635c88d280 JavaThread "Unconstrained build operations Thread 78"        [_thread_blocked, id=24184, stack(0x000000e865800000,0x000000e865900000) (1024K)]
  0x000002635c88b840 JavaThread "Unconstrained build operations Thread 79"        [_thread_blocked, id=3352, stack(0x000000e865900000,0x000000e865a00000) (1024K)]
  0x000002635c88ecc0 JavaThread "Unconstrained build operations Thread 80"        [_thread_blocked, id=30184, stack(0x000000e865a00000,0x000000e865b00000) (1024K)]
  0x000002635c890700 JavaThread "WorkerExecutor Queue"              [_thread_blocked, id=18460, stack(0x000000e865b00000,0x000000e865c00000) (1024K)]
Total: 135

Other Threads:
=>0x000002634aa0fb80 VMThread "VM Thread"                           [id=24304, stack(0x000000e85cd00000,0x000000e85ce00000) (1024K)]
  0x000002634a9e19e0 WatcherThread "VM Periodic Task Thread"        [id=26504, stack(0x000000e85cc00000,0x000000e85cd00000) (1024K)]
  0x00000263332bb600 WorkerThread "GC Thread#0"                     [id=5736, stack(0x000000e85c700000,0x000000e85c800000) (1024K)]
  0x000002634f39f9a0 WorkerThread "GC Thread#1"                     [id=13672, stack(0x000000e85da00000,0x000000e85db00000) (1024K)]
  0x000002634f5906e0 WorkerThread "GC Thread#2"                     [id=3808, stack(0x000000e85db00000,0x000000e85dc00000) (1024K)]
  0x000002634f7d7d50 WorkerThread "GC Thread#3"                     [id=13308, stack(0x000000e85dc00000,0x000000e85dd00000) (1024K)]
  0x000002634f7d8500 WorkerThread "GC Thread#4"                     [id=25184, stack(0x000000e85dd00000,0x000000e85de00000) (1024K)]
  0x000002634f2ff1e0 WorkerThread "GC Thread#5"                     [id=27100, stack(0x000000e85de00000,0x000000e85df00000) (1024K)]
  0x000002634f2fe360 WorkerThread "GC Thread#6"                     [id=3848, stack(0x000000e85e000000,0x000000e85e100000) (1024K)]
  0x000002634f2fee40 WorkerThread "GC Thread#7"                     [id=28336, stack(0x000000e85e100000,0x000000e85e200000) (1024K)]
  0x0000026330efbfe0 ConcurrentGCThread "G1 Main Marker"            [id=17340, stack(0x000000e85c800000,0x000000e85c900000) (1024K)]
  0x0000026330efd830 WorkerThread "G1 Conc#0"                       [id=20188, stack(0x000000e85c900000,0x000000e85ca00000) (1024K)]
  0x000002634f2fe700 WorkerThread "G1 Conc#1"                       [id=10220, stack(0x000000e85eb00000,0x000000e85ec00000) (1024K)]
  0x000002634a859d00 ConcurrentGCThread "G1 Refine#0"               [id=23704, stack(0x000000e85ca00000,0x000000e85cb00000) (1024K)]
  0x000002634a85b630 ConcurrentGCThread "G1 Service"                [id=6096, stack(0x000000e85cb00000,0x000000e85cc00000) (1024K)]
Total: 15

Threads with active compile tasks:
C2 CompilerThread0  21329 16116       4       com.android.tools.r8.graph.f9::f (61 bytes)
C2 CompilerThread1  21330 15820 %     4       com.android.tools.r8.internal.gt::a @ 2644 (4509 bytes)
C2 CompilerThread2  21330 16137       4       com.android.tools.r8.graph.r9::a (910 bytes)
Total: 3

VM state: at safepoint (normal execution)

VM Mutex/Monitor currently owned by a thread:  ([mutex/lock_event])
[0x00007ffea99d85b8] Threads_lock - owner thread: 0x000002634aa0fb80
[0x00007ffea99d86b8] Heap_lock - owner thread: 0x0000026350d4a9c0

Heap address: 0x0000000080000000, size: 2048 MB, Compressed Oops mode: 32-bit

CDS archive(s) not mapped
Compressed class space mapped at: 0x0000000100000000-0x0000000140000000, reserved size: 1073741824
Narrow klass base: 0x0000000000000000, Narrow klass shift: 3, Narrow klass range: 0x140000000

GC Precious Log:
 CardTable entry size: 512
 Card Set container configuration: InlinePtr #cards 5 size 8 Array Of Cards #cards 12 size 40 Howl #buckets 4 coarsen threshold 1843 Howl Bitmap #cards 512 size 80 coarsen threshold 460 Card regions per heap region 1 cards per card region 2048
 CPUs: 8 total, 8 available
 Memory: 15984M
 Large Page Support: Disabled
 NUMA Support: Disabled
 Compressed Oops: Enabled (32-bit)
 Heap Region Size: 1M
 Heap Min Capacity: 8M
 Heap Initial Capacity: 250M
 Heap Max Capacity: 2G
 Pre-touch: Disabled
 Parallel Workers: 8
 Concurrent Workers: 2
 Concurrent Refinement Workers: 8
 Periodic GC: Disabled

Heap:
 garbage-first heap   total 334848K, used 241663K [0x0000000080000000, 0x0000000100000000)
  region size 1024K, 11 young (11264K), 11 survivors (11264K)
 Metaspace       used 133301K, committed 135552K, reserved 1179648K
  class space    used 18862K, committed 19968K, reserved 1048576K

Heap Regions: E=young(eden), S=young(survivor), O=old, HS=humongous(starts), HC=humongous(continues), CS=collection set, F=free, TAMS=top-at-mark-start, PB=parsable bottom
|   0|0x0000000080000000, 0x0000000080100000, 0x0000000080100000|100%|HS|  |TAMS 0x0000000080100000| PB 0x0000000080000000| Complete 
|   1|0x0000000080100000, 0x0000000080200000, 0x0000000080200000|100%|HC|  |TAMS 0x0000000080200000| PB 0x0000000080100000| Complete 
|   2|0x0000000080200000, 0x0000000080300000, 0x0000000080300000|100%|HC|  |TAMS 0x0000000080300000| PB 0x0000000080200000| Complete 
|   3|0x0000000080300000, 0x0000000080400000, 0x0000000080400000|100%| O|  |TAMS 0x0000000080400000| PB 0x0000000080300000| Untracked 
|   4|0x0000000080400000, 0x0000000080500000, 0x0000000080500000|100%| O|  |TAMS 0x0000000080500000| PB 0x0000000080400000| Untracked 
|   5|0x0000000080500000, 0x0000000080600000, 0x0000000080600000|100%| O|  |TAMS 0x0000000080600000| PB 0x0000000080500000| Untracked 
|   6|0x0000000080600000, 0x0000000080700000, 0x0000000080700000|100%|HS|  |TAMS 0x0000000080700000| PB 0x0000000080600000| Complete 
|   7|0x0000000080700000, 0x0000000080800000, 0x0000000080800000|100%| O|  |TAMS 0x0000000080800000| PB 0x0000000080700000| Untracked 
|   8|0x0000000080800000, 0x0000000080900000, 0x0000000080900000|100%| O|  |TAMS 0x0000000080900000| PB 0x0000000080800000| Untracked 
|   9|0x0000000080900000, 0x0000000080a00000, 0x0000000080a00000|100%| O|  |TAMS 0x0000000080a00000| PB 0x0000000080900000| Untracked 
|  10|0x0000000080a00000, 0x0000000080b00000, 0x0000000080b00000|100%| O|  |TAMS 0x0000000080b00000| PB 0x0000000080a00000| Untracked 
|  11|0x0000000080b00000, 0x0000000080c00000, 0x0000000080c00000|100%| O|  |TAMS 0x0000000080c00000| PB 0x0000000080b00000| Untracked 
|  12|0x0000000080c00000, 0x0000000080d00000, 0x0000000080d00000|100%| O|  |TAMS 0x0000000080d00000| PB 0x0000000080c00000| Untracked 
|  13|0x0000000080d00000, 0x0000000080e00000, 0x0000000080e00000|100%| O|  |TAMS 0x0000000080e00000| PB 0x0000000080d00000| Untracked 
|  14|0x0000000080e00000, 0x0000000080f00000, 0x0000000080f00000|100%| O|  |TAMS 0x0000000080f00000| PB 0x0000000080e00000| Untracked 
|  15|0x0000000080f00000, 0x0000000081000000, 0x0000000081000000|100%| O|  |TAMS 0x0000000081000000| PB 0x0000000080f00000| Untracked 
|  16|0x0000000081000000, 0x0000000081100000, 0x0000000081100000|100%| O|  |TAMS 0x0000000081100000| PB 0x0000000081000000| Untracked 
|  17|0x0000000081100000, 0x0000000081200000, 0x0000000081200000|100%| O|  |TAMS 0x0000000081200000| PB 0x0000000081100000| Untracked 
|  18|0x0000000081200000, 0x0000000081300000, 0x0000000081300000|100%| O|  |TAMS 0x0000000081300000| PB 0x0000000081200000| Untracked 
|  19|0x0000000081300000, 0x0000000081400000, 0x0000000081400000|100%| O|  |TAMS 0x0000000081400000| PB 0x0000000081300000| Untracked 
|  20|0x0000000081400000, 0x0000000081500000, 0x0000000081500000|100%| O|  |TAMS 0x0000000081500000| PB 0x0000000081400000| Untracked 
|  21|0x0000000081500000, 0x00000000815ffff8, 0x0000000081600000| 99%| O|  |TAMS 0x00000000815ffff8| PB 0x0000000081500000| Untracked 
|  22|0x0000000081600000, 0x0000000081700000, 0x0000000081700000|100%| O|  |TAMS 0x0000000081700000| PB 0x0000000081600000| Untracked 
|  23|0x0000000081700000, 0x0000000081800000, 0x0000000081800000|100%| O|  |TAMS 0x0000000081800000| PB 0x0000000081700000| Untracked 
|  24|0x0000000081800000, 0x0000000081900000, 0x0000000081900000|100%| O|  |TAMS 0x0000000081900000| PB 0x0000000081800000| Untracked 
|  25|0x0000000081900000, 0x0000000081a00000, 0x0000000081a00000|100%| O|  |TAMS 0x0000000081a00000| PB 0x0000000081900000| Untracked 
|  26|0x0000000081a00000, 0x0000000081b00000, 0x0000000081b00000|100%| O|  |TAMS 0x0000000081b00000| PB 0x0000000081a00000| Untracked 
|  27|0x0000000081b00000, 0x0000000081c00000, 0x0000000081c00000|100%| O|  |TAMS 0x0000000081c00000| PB 0x0000000081b00000| Untracked 
|  28|0x0000000081c00000, 0x0000000081d00000, 0x0000000081d00000|100%| O|  |TAMS 0x0000000081c00000| PB 0x0000000081c00000| Untracked 
|  29|0x0000000081d00000, 0x0000000081e00000, 0x0000000081e00000|100%| O|  |TAMS 0x0000000081e00000| PB 0x0000000081d00000| Untracked 
|  30|0x0000000081e00000, 0x0000000081f00000, 0x0000000081f00000|100%| O|  |TAMS 0x0000000081f00000| PB 0x0000000081e00000| Untracked 
|  31|0x0000000081f00000, 0x0000000082000000, 0x0000000082000000|100%| O|  |TAMS 0x0000000082000000| PB 0x0000000081f00000| Untracked 
|  32|0x0000000082000000, 0x0000000082100000, 0x0000000082100000|100%| O|  |TAMS 0x0000000082100000| PB 0x0000000082000000| Untracked 
|  33|0x0000000082100000, 0x0000000082200000, 0x0000000082200000|100%| O|  |TAMS 0x0000000082200000| PB 0x0000000082100000| Untracked 
|  34|0x0000000082200000, 0x0000000082300000, 0x0000000082300000|100%| O|  |TAMS 0x0000000082300000| PB 0x0000000082200000| Untracked 
|  35|0x0000000082300000, 0x0000000082400000, 0x0000000082400000|100%| O|  |TAMS 0x0000000082400000| PB 0x0000000082300000| Untracked 
|  36|0x0000000082400000, 0x0000000082500000, 0x0000000082500000|100%| O|  |TAMS 0x0000000082500000| PB 0x0000000082400000| Untracked 
|  37|0x0000000082500000, 0x0000000082600000, 0x0000000082600000|100%| O|  |TAMS 0x0000000082600000| PB 0x0000000082500000| Untracked 
|  38|0x0000000082600000, 0x0000000082700000, 0x0000000082700000|100%| O|  |TAMS 0x0000000082700000| PB 0x0000000082600000| Untracked 
|  39|0x0000000082700000, 0x0000000082800000, 0x0000000082800000|100%| O|  |TAMS 0x0000000082800000| PB 0x0000000082700000| Untracked 
|  40|0x0000000082800000, 0x0000000082900000, 0x0000000082900000|100%| O|  |TAMS 0x0000000082900000| PB 0x0000000082800000| Untracked 
|  41|0x0000000082900000, 0x0000000082a00000, 0x0000000082a00000|100%| O|  |TAMS 0x0000000082a00000| PB 0x0000000082900000| Untracked 
|  42|0x0000000082a00000, 0x0000000082b00000, 0x0000000082b00000|100%| O|  |TAMS 0x0000000082b00000| PB 0x0000000082a00000| Untracked 
|  43|0x0000000082b00000, 0x0000000082c00000, 0x0000000082c00000|100%| O|  |TAMS 0x0000000082c00000| PB 0x0000000082b00000| Untracked 
|  44|0x0000000082c00000, 0x0000000082d00000, 0x0000000082d00000|100%| O|  |TAMS 0x0000000082d00000| PB 0x0000000082c00000| Untracked 
|  45|0x0000000082d00000, 0x0000000082e00000, 0x0000000082e00000|100%| O|  |TAMS 0x0000000082e00000| PB 0x0000000082d00000| Untracked 
|  46|0x0000000082e00000, 0x0000000082f00000, 0x0000000082f00000|100%| O|  |TAMS 0x0000000082f00000| PB 0x0000000082e00000| Untracked 
|  47|0x0000000082f00000, 0x0000000083000000, 0x0000000083000000|100%| O|  |TAMS 0x0000000083000000| PB 0x0000000082f00000| Untracked 
|  48|0x0000000083000000, 0x0000000083100000, 0x0000000083100000|100%| O|  |TAMS 0x0000000083100000| PB 0x0000000083000000| Untracked 
|  49|0x0000000083100000, 0x0000000083200000, 0x0000000083200000|100%| O|  |TAMS 0x0000000083200000| PB 0x0000000083100000| Untracked 
|  50|0x0000000083200000, 0x0000000083300000, 0x0000000083300000|100%| O|  |TAMS 0x0000000083300000| PB 0x0000000083200000| Untracked 
|  51|0x0000000083300000, 0x0000000083400000, 0x0000000083400000|100%| O|  |TAMS 0x0000000083400000| PB 0x0000000083300000| Untracked 
|  52|0x0000000083400000, 0x0000000083500000, 0x0000000083500000|100%| O|  |TAMS 0x0000000083500000| PB 0x0000000083400000| Untracked 
|  53|0x0000000083500000, 0x0000000083600000, 0x0000000083600000|100%| O|  |TAMS 0x0000000083600000| PB 0x0000000083500000| Untracked 
|  54|0x0000000083600000, 0x0000000083700000, 0x0000000083700000|100%|HS|  |TAMS 0x0000000083700000| PB 0x0000000083600000| Complete 
|  55|0x0000000083700000, 0x0000000083800000, 0x0000000083800000|100%|HS|  |TAMS 0x0000000083800000| PB 0x0000000083700000| Complete 
|  56|0x0000000083800000, 0x0000000083900000, 0x0000000083900000|100%|HS|  |TAMS 0x0000000083900000| PB 0x0000000083800000| Complete 
|  57|0x0000000083900000, 0x0000000083a00000, 0x0000000083a00000|100%|HC|  |TAMS 0x0000000083a00000| PB 0x0000000083900000| Complete 
|  58|0x0000000083a00000, 0x0000000083b00000, 0x0000000083b00000|100%|HS|  |TAMS 0x0000000083b00000| PB 0x0000000083a00000| Complete 
|  59|0x0000000083b00000, 0x0000000083c00000, 0x0000000083c00000|100%|HC|  |TAMS 0x0000000083c00000| PB 0x0000000083b00000| Complete 
|  60|0x0000000083c00000, 0x0000000083d00000, 0x0000000083d00000|100%|HS|  |TAMS 0x0000000083d00000| PB 0x0000000083c00000| Complete 
|  61|0x0000000083d00000, 0x0000000083e00000, 0x0000000083e00000|100%|HC|  |TAMS 0x0000000083e00000| PB 0x0000000083d00000| Complete 
|  62|0x0000000083e00000, 0x0000000083f00000, 0x0000000083f00000|100%|HC|  |TAMS 0x0000000083f00000| PB 0x0000000083e00000| Complete 
|  63|0x0000000083f00000, 0x0000000084000000, 0x0000000084000000|100%|HS|  |TAMS 0x0000000084000000| PB 0x0000000083f00000| Complete 
|  64|0x0000000084000000, 0x0000000084100000, 0x0000000084100000|100%|HS|  |TAMS 0x0000000084100000| PB 0x0000000084000000| Complete 
|  65|0x0000000084100000, 0x0000000084200000, 0x0000000084200000|100%| O|  |TAMS 0x0000000084200000| PB 0x0000000084100000| Untracked 
|  66|0x0000000084200000, 0x0000000084300000, 0x0000000084300000|100%|HS|  |TAMS 0x0000000084300000| PB 0x0000000084200000| Complete 
|  67|0x0000000084300000, 0x0000000084400000, 0x0000000084400000|100%|HS|  |TAMS 0x0000000084400000| PB 0x0000000084300000| Complete 
|  68|0x0000000084400000, 0x0000000084500000, 0x0000000084500000|100%| O|  |TAMS 0x0000000084500000| PB 0x0000000084400000| Untracked 
|  69|0x0000000084500000, 0x0000000084600000, 0x0000000084600000|100%| O|  |TAMS 0x0000000084600000| PB 0x0000000084500000| Untracked 
|  70|0x0000000084600000, 0x0000000084700000, 0x0000000084700000|100%| O|  |TAMS 0x0000000084700000| PB 0x0000000084600000| Untracked 
|  71|0x0000000084700000, 0x0000000084800000, 0x0000000084800000|100%| O|  |TAMS 0x0000000084800000| PB 0x0000000084700000| Untracked 
|  72|0x0000000084800000, 0x0000000084900000, 0x0000000084900000|100%| O|  |TAMS 0x0000000084900000| PB 0x0000000084800000| Untracked 
|  73|0x0000000084900000, 0x0000000084a00000, 0x0000000084a00000|100%| O|  |TAMS 0x0000000084a00000| PB 0x0000000084900000| Untracked 
|  74|0x0000000084a00000, 0x0000000084b00000, 0x0000000084b00000|100%| O|  |TAMS 0x0000000084b00000| PB 0x0000000084a00000| Untracked 
|  75|0x0000000084b00000, 0x0000000084c00000, 0x0000000084c00000|100%| O|  |TAMS 0x0000000084c00000| PB 0x0000000084b00000| Untracked 
|  76|0x0000000084c00000, 0x0000000084d00000, 0x0000000084d00000|100%| O|  |TAMS 0x0000000084d00000| PB 0x0000000084c00000| Untracked 
|  77|0x0000000084d00000, 0x0000000084e00000, 0x0000000084e00000|100%|HS|  |TAMS 0x0000000084e00000| PB 0x0000000084d00000| Complete 
|  78|0x0000000084e00000, 0x0000000084f00000, 0x0000000084f00000|100%| O|  |TAMS 0x0000000084f00000| PB 0x0000000084e00000| Untracked 
|  79|0x0000000084f00000, 0x0000000085000000, 0x0000000085000000|100%| O|  |TAMS 0x0000000085000000| PB 0x0000000084f00000| Untracked 
|  80|0x0000000085000000, 0x0000000085100000, 0x0000000085100000|100%| O|  |TAMS 0x0000000085100000| PB 0x0000000085000000| Untracked 
|  81|0x0000000085100000, 0x0000000085200000, 0x0000000085200000|100%| O|  |TAMS 0x0000000085200000| PB 0x0000000085100000| Untracked 
|  82|0x0000000085200000, 0x0000000085300000, 0x0000000085300000|100%| O|  |TAMS 0x0000000085300000| PB 0x0000000085200000| Untracked 
|  83|0x0000000085300000, 0x0000000085400000, 0x0000000085400000|100%|HS|  |TAMS 0x0000000085400000| PB 0x0000000085300000| Complete 
|  84|0x0000000085400000, 0x0000000085500000, 0x0000000085500000|100%|HC|  |TAMS 0x0000000085500000| PB 0x0000000085400000| Complete 
|  85|0x0000000085500000, 0x0000000085600000, 0x0000000085600000|100%|HC|  |TAMS 0x0000000085600000| PB 0x0000000085500000| Complete 
|  86|0x0000000085600000, 0x0000000085700000, 0x0000000085700000|100%| O|  |TAMS 0x0000000085700000| PB 0x0000000085600000| Untracked 
|  87|0x0000000085700000, 0x0000000085800000, 0x0000000085800000|100%| O|  |TAMS 0x0000000085800000| PB 0x0000000085700000| Untracked 
|  88|0x0000000085800000, 0x0000000085900000, 0x0000000085900000|100%| O|  |TAMS 0x0000000085900000| PB 0x0000000085800000| Untracked 
|  89|0x0000000085900000, 0x0000000085a00000, 0x0000000085a00000|100%| O|  |TAMS 0x0000000085a00000| PB 0x0000000085900000| Untracked 
|  90|0x0000000085a00000, 0x0000000085b00000, 0x0000000085b00000|100%| O|  |TAMS 0x0000000085b00000| PB 0x0000000085a00000| Untracked 
|  91|0x0000000085b00000, 0x0000000085c00000, 0x0000000085c00000|100%| O|  |TAMS 0x0000000085c00000| PB 0x0000000085b00000| Untracked 
|  92|0x0000000085c00000, 0x0000000085d00000, 0x0000000085d00000|100%| O|  |TAMS 0x0000000085d00000| PB 0x0000000085c00000| Untracked 
|  93|0x0000000085d00000, 0x0000000085e00000, 0x0000000085e00000|100%| O|  |TAMS 0x0000000085e00000| PB 0x0000000085d00000| Untracked 
|  94|0x0000000085e00000, 0x0000000085f00000, 0x0000000085f00000|100%| O|  |TAMS 0x0000000085f00000| PB 0x0000000085e00000| Untracked 
|  95|0x0000000085f00000, 0x0000000086000000, 0x0000000086000000|100%| O|  |TAMS 0x0000000086000000| PB 0x0000000085f00000| Untracked 
|  96|0x0000000086000000, 0x0000000086100000, 0x0000000086100000|100%| O|  |TAMS 0x0000000086100000| PB 0x0000000086000000| Untracked 
|  97|0x0000000086100000, 0x0000000086200000, 0x0000000086200000|100%| O|  |TAMS 0x0000000086200000| PB 0x0000000086100000| Untracked 
|  98|0x0000000086200000, 0x0000000086300000, 0x0000000086300000|100%| O|  |TAMS 0x0000000086300000| PB 0x0000000086200000| Untracked 
|  99|0x0000000086300000, 0x0000000086400000, 0x0000000086400000|100%| O|  |TAMS 0x0000000086400000| PB 0x0000000086300000| Untracked 
| 100|0x0000000086400000, 0x0000000086500000, 0x0000000086500000|100%| O|  |TAMS 0x0000000086500000| PB 0x0000000086400000| Untracked 
| 101|0x0000000086500000, 0x0000000086600000, 0x0000000086600000|100%| O|  |TAMS 0x0000000086600000| PB 0x0000000086500000| Untracked 
| 102|0x0000000086600000, 0x0000000086700000, 0x0000000086700000|100%| O|  |TAMS 0x0000000086700000| PB 0x0000000086600000| Untracked 
| 103|0x0000000086700000, 0x0000000086800000, 0x0000000086800000|100%| O|  |TAMS 0x0000000086800000| PB 0x0000000086700000| Untracked 
| 104|0x0000000086800000, 0x0000000086900000, 0x0000000086900000|100%| O|  |TAMS 0x0000000086900000| PB 0x0000000086800000| Untracked 
| 105|0x0000000086900000, 0x0000000086a00000, 0x0000000086a00000|100%| O|  |TAMS 0x0000000086a00000| PB 0x0000000086900000| Untracked 
| 106|0x0000000086a00000, 0x0000000086b00000, 0x0000000086b00000|100%| O|  |TAMS 0x0000000086b00000| PB 0x0000000086a00000| Untracked 
| 107|0x0000000086b00000, 0x0000000086c00000, 0x0000000086c00000|100%| O|  |TAMS 0x0000000086c00000| PB 0x0000000086b00000| Untracked 
| 108|0x0000000086c00000, 0x0000000086d00000, 0x0000000086d00000|100%| O|  |TAMS 0x0000000086d00000| PB 0x0000000086c00000| Untracked 
| 109|0x0000000086d00000, 0x0000000086e00000, 0x0000000086e00000|100%| O|  |TAMS 0x0000000086e00000| PB 0x0000000086d00000| Untracked 
| 110|0x0000000086e00000, 0x0000000086f00000, 0x0000000086f00000|100%| O|  |TAMS 0x0000000086f00000| PB 0x0000000086e00000| Untracked 
| 111|0x0000000086f00000, 0x0000000087000000, 0x0000000087000000|100%| O|  |TAMS 0x0000000087000000| PB 0x0000000086f00000| Untracked 
| 112|0x0000000087000000, 0x0000000087100000, 0x0000000087100000|100%| O|  |TAMS 0x0000000087100000| PB 0x0000000087000000| Untracked 
| 113|0x0000000087100000, 0x0000000087200000, 0x0000000087200000|100%| O|  |TAMS 0x0000000087200000| PB 0x0000000087100000| Untracked 
| 114|0x0000000087200000, 0x0000000087300000, 0x0000000087300000|100%| O|  |TAMS 0x0000000087200000| PB 0x0000000087200000| Untracked 
| 115|0x0000000087300000, 0x0000000087400000, 0x0000000087400000|100%| O|  |TAMS 0x0000000087400000| PB 0x0000000087300000| Untracked 
| 116|0x0000000087400000, 0x0000000087500000, 0x0000000087500000|100%| O|  |TAMS 0x0000000087500000| PB 0x0000000087400000| Untracked 
| 117|0x0000000087500000, 0x0000000087600000, 0x0000000087600000|100%| O|  |TAMS 0x0000000087600000| PB 0x0000000087500000| Untracked 
| 118|0x0000000087600000, 0x0000000087700000, 0x0000000087700000|100%| O|  |TAMS 0x0000000087700000| PB 0x0000000087600000| Untracked 
| 119|0x0000000087700000, 0x0000000087800000, 0x0000000087800000|100%| O|  |TAMS 0x0000000087800000| PB 0x0000000087700000| Untracked 
| 120|0x0000000087800000, 0x0000000087900000, 0x0000000087900000|100%| O|  |TAMS 0x0000000087900000| PB 0x0000000087800000| Untracked 
| 121|0x0000000087900000, 0x0000000087a00000, 0x0000000087a00000|100%| O|  |TAMS 0x0000000087a00000| PB 0x0000000087900000| Untracked 
| 122|0x0000000087a00000, 0x0000000087b00000, 0x0000000087b00000|100%|HS|  |TAMS 0x0000000087b00000| PB 0x0000000087a00000| Complete 
| 123|0x0000000087b00000, 0x0000000087c00000, 0x0000000087c00000|100%| O|  |TAMS 0x0000000087c00000| PB 0x0000000087b00000| Untracked 
| 124|0x0000000087c00000, 0x0000000087d00000, 0x0000000087d00000|100%| O|  |TAMS 0x0000000087d00000| PB 0x0000000087c00000| Untracked 
| 125|0x0000000087d00000, 0x0000000087e00000, 0x0000000087e00000|100%| O|  |TAMS 0x0000000087e00000| PB 0x0000000087d00000| Untracked 
| 126|0x0000000087e00000, 0x0000000087f00000, 0x0000000087f00000|100%| O|  |TAMS 0x0000000087f00000| PB 0x0000000087e00000| Untracked 
| 127|0x0000000087f00000, 0x0000000088000000, 0x0000000088000000|100%| O|  |TAMS 0x0000000088000000| PB 0x0000000087f00000| Untracked 
| 128|0x0000000088000000, 0x0000000088100000, 0x0000000088100000|100%| O|  |TAMS 0x0000000088100000| PB 0x0000000088000000| Untracked 
| 129|0x0000000088100000, 0x0000000088200000, 0x0000000088200000|100%| O|  |TAMS 0x0000000088200000| PB 0x0000000088100000| Untracked 
| 130|0x0000000088200000, 0x0000000088300000, 0x0000000088300000|100%| O|  |TAMS 0x0000000088300000| PB 0x0000000088200000| Untracked 
| 131|0x0000000088300000, 0x0000000088400000, 0x0000000088400000|100%| O|  |TAMS 0x0000000088400000| PB 0x0000000088300000| Untracked 
| 132|0x0000000088400000, 0x0000000088500000, 0x0000000088500000|100%| O|  |TAMS 0x0000000088500000| PB 0x0000000088400000| Untracked 
| 133|0x0000000088500000, 0x0000000088600000, 0x0000000088600000|100%| O|  |TAMS 0x0000000088600000| PB 0x0000000088500000| Untracked 
| 134|0x0000000088600000, 0x0000000088700000, 0x0000000088700000|100%| O|  |TAMS 0x0000000088700000| PB 0x0000000088600000| Untracked 
| 135|0x0000000088700000, 0x0000000088800000, 0x0000000088800000|100%| O|  |TAMS 0x0000000088800000| PB 0x0000000088700000| Untracked 
| 136|0x0000000088800000, 0x0000000088900000, 0x0000000088900000|100%| O|  |TAMS 0x0000000088900000| PB 0x0000000088800000| Untracked 
| 137|0x0000000088900000, 0x0000000088a00000, 0x0000000088a00000|100%| O|  |TAMS 0x0000000088a00000| PB 0x0000000088900000| Untracked 
| 138|0x0000000088a00000, 0x0000000088b00000, 0x0000000088b00000|100%| O|  |TAMS 0x0000000088b00000| PB 0x0000000088a00000| Untracked 
| 139|0x0000000088b00000, 0x0000000088c00000, 0x0000000088c00000|100%| O|  |TAMS 0x0000000088c00000| PB 0x0000000088b00000| Untracked 
| 140|0x0000000088c00000, 0x0000000088d00000, 0x0000000088d00000|100%| O|  |TAMS 0x0000000088d00000| PB 0x0000000088c00000| Untracked 
| 141|0x0000000088d00000, 0x0000000088e00000, 0x0000000088e00000|100%| O|  |TAMS 0x0000000088e00000| PB 0x0000000088d00000| Untracked 
| 142|0x0000000088e00000, 0x0000000088f00000, 0x0000000088f00000|100%| O|  |TAMS 0x0000000088f00000| PB 0x0000000088e00000| Untracked 
| 143|0x0000000088f00000, 0x0000000089000000, 0x0000000089000000|100%| O|  |TAMS 0x0000000089000000| PB 0x0000000088f00000| Untracked 
| 144|0x0000000089000000, 0x0000000089100000, 0x0000000089100000|100%| O|  |TAMS 0x0000000089100000| PB 0x0000000089000000| Untracked 
| 145|0x0000000089100000, 0x0000000089200000, 0x0000000089200000|100%| O|  |TAMS 0x0000000089200000| PB 0x0000000089100000| Untracked 
| 146|0x0000000089200000, 0x0000000089300000, 0x0000000089300000|100%| O|  |TAMS 0x0000000089300000| PB 0x0000000089200000| Untracked 
| 147|0x0000000089300000, 0x0000000089400000, 0x0000000089400000|100%| O|  |TAMS 0x0000000089400000| PB 0x0000000089300000| Untracked 
| 148|0x0000000089400000, 0x0000000089500000, 0x0000000089500000|100%| O|  |TAMS 0x0000000089500000| PB 0x0000000089400000| Untracked 
| 149|0x0000000089500000, 0x0000000089600000, 0x0000000089600000|100%| O|  |TAMS 0x0000000089600000| PB 0x0000000089500000| Untracked 
| 150|0x0000000089600000, 0x0000000089700000, 0x0000000089700000|100%| O|  |TAMS 0x0000000089700000| PB 0x0000000089600000| Untracked 
| 151|0x0000000089700000, 0x0000000089800000, 0x0000000089800000|100%| O|  |TAMS 0x0000000089800000| PB 0x0000000089700000| Untracked 
| 152|0x0000000089800000, 0x0000000089900000, 0x0000000089900000|100%| O|  |TAMS 0x0000000089900000| PB 0x0000000089800000| Untracked 
| 153|0x0000000089900000, 0x0000000089a00000, 0x0000000089a00000|100%| O|  |TAMS 0x0000000089a00000| PB 0x0000000089900000| Untracked 
| 154|0x0000000089a00000, 0x0000000089b00000, 0x0000000089b00000|100%| O|  |TAMS 0x0000000089b00000| PB 0x0000000089a00000| Untracked 
| 155|0x0000000089b00000, 0x0000000089c00000, 0x0000000089c00000|100%| O|  |TAMS 0x0000000089c00000| PB 0x0000000089b00000| Untracked 
| 156|0x0000000089c00000, 0x0000000089d00000, 0x0000000089d00000|100%| O|  |TAMS 0x0000000089d00000| PB 0x0000000089c00000| Untracked 
| 157|0x0000000089d00000, 0x0000000089e00000, 0x0000000089e00000|100%| O|  |TAMS 0x0000000089d00000| PB 0x0000000089d00000| Untracked 
| 158|0x0000000089e00000, 0x0000000089f00000, 0x0000000089f00000|100%| O|  |TAMS 0x0000000089f00000| PB 0x0000000089e00000| Untracked 
| 159|0x0000000089f00000, 0x000000008a000000, 0x000000008a000000|100%| O|  |TAMS 0x000000008a000000| PB 0x0000000089f00000| Untracked 
| 160|0x000000008a000000, 0x000000008a100000, 0x000000008a100000|100%| O|  |TAMS 0x000000008a100000| PB 0x000000008a000000| Untracked 
| 161|0x000000008a100000, 0x000000008a200000, 0x000000008a200000|100%| O|  |TAMS 0x000000008a200000| PB 0x000000008a100000| Untracked 
| 162|0x000000008a200000, 0x000000008a300000, 0x000000008a300000|100%| O|  |TAMS 0x000000008a300000| PB 0x000000008a200000| Untracked 
| 163|0x000000008a300000, 0x000000008a400000, 0x000000008a400000|100%| O|  |TAMS 0x000000008a400000| PB 0x000000008a300000| Untracked 
| 164|0x000000008a400000, 0x000000008a500000, 0x000000008a500000|100%| O|  |TAMS 0x000000008a500000| PB 0x000000008a400000| Untracked 
| 165|0x000000008a500000, 0x000000008a600000, 0x000000008a600000|100%| O|  |TAMS 0x000000008a600000| PB 0x000000008a500000| Untracked 
| 166|0x000000008a600000, 0x000000008a700000, 0x000000008a700000|100%| O|  |TAMS 0x000000008a700000| PB 0x000000008a600000| Untracked 
| 167|0x000000008a700000, 0x000000008a800000, 0x000000008a800000|100%| O|  |TAMS 0x000000008a800000| PB 0x000000008a700000| Untracked 
| 168|0x000000008a800000, 0x000000008a900000, 0x000000008a900000|100%| O|  |TAMS 0x000000008a900000| PB 0x000000008a800000| Untracked 
| 169|0x000000008a900000, 0x000000008aa00000, 0x000000008aa00000|100%| O|  |TAMS 0x000000008aa00000| PB 0x000000008a900000| Untracked 
| 170|0x000000008aa00000, 0x000000008ab00000, 0x000000008ab00000|100%| O|  |TAMS 0x000000008ab00000| PB 0x000000008aa00000| Untracked 
| 171|0x000000008ab00000, 0x000000008ac00000, 0x000000008ac00000|100%| O|  |TAMS 0x000000008ac00000| PB 0x000000008ab00000| Untracked 
| 172|0x000000008ac00000, 0x000000008ad00000, 0x000000008ad00000|100%| O|  |TAMS 0x000000008ad00000| PB 0x000000008ac00000| Untracked 
| 173|0x000000008ad00000, 0x000000008ae00000, 0x000000008ae00000|100%| O|  |TAMS 0x000000008ae00000| PB 0x000000008ad00000| Untracked 
| 174|0x000000008ae00000, 0x000000008af00000, 0x000000008af00000|100%| O|  |TAMS 0x000000008af00000| PB 0x000000008ae00000| Untracked 
| 175|0x000000008af00000, 0x000000008b000000, 0x000000008b000000|100%| O|  |TAMS 0x000000008b000000| PB 0x000000008af00000| Untracked 
| 176|0x000000008b000000, 0x000000008b100000, 0x000000008b100000|100%| O|  |TAMS 0x000000008b100000| PB 0x000000008b000000| Untracked 
| 177|0x000000008b100000, 0x000000008b200000, 0x000000008b200000|100%| O|  |TAMS 0x000000008b200000| PB 0x000000008b100000| Untracked 
| 178|0x000000008b200000, 0x000000008b300000, 0x000000008b300000|100%| O|  |TAMS 0x000000008b300000| PB 0x000000008b200000| Untracked 
| 179|0x000000008b300000, 0x000000008b400000, 0x000000008b400000|100%| O|  |TAMS 0x000000008b400000| PB 0x000000008b300000| Untracked 
| 180|0x000000008b400000, 0x000000008b500000, 0x000000008b500000|100%| O|  |TAMS 0x000000008b500000| PB 0x000000008b400000| Untracked 
| 181|0x000000008b500000, 0x000000008b600000, 0x000000008b600000|100%| O|  |TAMS 0x000000008b600000| PB 0x000000008b500000| Untracked 
| 182|0x000000008b600000, 0x000000008b700000, 0x000000008b700000|100%| O|  |TAMS 0x000000008b700000| PB 0x000000008b600000| Untracked 
| 183|0x000000008b700000, 0x000000008b800000, 0x000000008b800000|100%| O|  |TAMS 0x000000008b800000| PB 0x000000008b700000| Untracked 
| 184|0x000000008b800000, 0x000000008b900000, 0x000000008b900000|100%| O|  |TAMS 0x000000008b900000| PB 0x000000008b800000| Untracked 
| 185|0x000000008b900000, 0x000000008ba00000, 0x000000008ba00000|100%| O|  |TAMS 0x000000008ba00000| PB 0x000000008b900000| Untracked 
| 186|0x000000008ba00000, 0x000000008bb00000, 0x000000008bb00000|100%| O|  |TAMS 0x000000008bb00000| PB 0x000000008ba00000| Untracked 
| 187|0x000000008bb00000, 0x000000008bc00000, 0x000000008bc00000|100%| O|  |TAMS 0x000000008bc00000| PB 0x000000008bb00000| Untracked 
| 188|0x000000008bc00000, 0x000000008bd00000, 0x000000008bd00000|100%| O|  |TAMS 0x000000008bd00000| PB 0x000000008bc00000| Untracked 
| 189|0x000000008bd00000, 0x000000008be00000, 0x000000008be00000|100%| O|  |TAMS 0x000000008be00000| PB 0x000000008bd00000| Untracked 
| 190|0x000000008be00000, 0x000000008bf00000, 0x000000008bf00000|100%| O|  |TAMS 0x000000008bf00000| PB 0x000000008be00000| Untracked 
| 191|0x000000008bf00000, 0x000000008c000000, 0x000000008c000000|100%| O|  |TAMS 0x000000008c000000| PB 0x000000008bf00000| Untracked 
| 192|0x000000008c000000, 0x000000008c100000, 0x000000008c100000|100%| O|  |TAMS 0x000000008c100000| PB 0x000000008c000000| Untracked 
| 193|0x000000008c100000, 0x000000008c200000, 0x000000008c200000|100%| O|  |TAMS 0x000000008c200000| PB 0x000000008c100000| Untracked 
| 194|0x000000008c200000, 0x000000008c300000, 0x000000008c300000|100%| O|  |TAMS 0x000000008c300000| PB 0x000000008c200000| Untracked 
| 195|0x000000008c300000, 0x000000008c400000, 0x000000008c400000|100%| O|  |TAMS 0x000000008c400000| PB 0x000000008c300000| Untracked 
| 196|0x000000008c400000, 0x000000008c500000, 0x000000008c500000|100%| O|  |TAMS 0x000000008c500000| PB 0x000000008c400000| Untracked 
| 197|0x000000008c500000, 0x000000008c600000, 0x000000008c600000|100%| O|  |TAMS 0x000000008c600000| PB 0x000000008c500000| Untracked 
| 198|0x000000008c600000, 0x000000008c700000, 0x000000008c700000|100%| O|  |TAMS 0x000000008c700000| PB 0x000000008c600000| Untracked 
| 199|0x000000008c700000, 0x000000008c800000, 0x000000008c800000|100%| O|  |TAMS 0x000000008c800000| PB 0x000000008c700000| Untracked 
| 200|0x000000008c800000, 0x000000008c900000, 0x000000008c900000|100%| O|  |TAMS 0x000000008c900000| PB 0x000000008c800000| Untracked 
| 201|0x000000008c900000, 0x000000008ca00000, 0x000000008ca00000|100%| O|  |TAMS 0x000000008c999500| PB 0x000000008c900000| Untracked 
| 202|0x000000008ca00000, 0x000000008cb00000, 0x000000008cb00000|100%| O|  |TAMS 0x000000008ca00000| PB 0x000000008ca00000| Untracked 
| 203|0x000000008cb00000, 0x000000008cc00000, 0x000000008cc00000|100%| O|  |TAMS 0x000000008cb00000| PB 0x000000008cb00000| Untracked 
| 204|0x000000008cc00000, 0x000000008cd00000, 0x000000008cd00000|100%| O|  |TAMS 0x000000008cc00000| PB 0x000000008cc00000| Untracked 
| 205|0x000000008cd00000, 0x000000008ce00000, 0x000000008ce00000|100%| O|  |TAMS 0x000000008cd00000| PB 0x000000008cd00000| Untracked 
| 206|0x000000008ce00000, 0x000000008cf00000, 0x000000008cf00000|100%| O|  |TAMS 0x000000008ce00000| PB 0x000000008ce00000| Untracked 
| 207|0x000000008cf00000, 0x000000008d000000, 0x000000008d000000|100%| O|  |TAMS 0x000000008cf00000| PB 0x000000008cf00000| Untracked 
| 208|0x000000008d000000, 0x000000008d100000, 0x000000008d100000|100%| O|  |TAMS 0x000000008d000000| PB 0x000000008d000000| Untracked 
| 209|0x000000008d100000, 0x000000008d200000, 0x000000008d200000|100%| O|  |TAMS 0x000000008d100000| PB 0x000000008d100000| Untracked 
| 210|0x000000008d200000, 0x000000008d300000, 0x000000008d300000|100%| O|  |TAMS 0x000000008d200000| PB 0x000000008d200000| Untracked 
| 211|0x000000008d300000, 0x000000008d400000, 0x000000008d400000|100%| O|  |TAMS 0x000000008d300000| PB 0x000000008d300000| Untracked 
| 212|0x000000008d400000, 0x000000008d500000, 0x000000008d500000|100%| O|  |TAMS 0x000000008d400000| PB 0x000000008d400000| Untracked 
| 213|0x000000008d500000, 0x000000008d600000, 0x000000008d600000|100%| O|  |TAMS 0x000000008d500000| PB 0x000000008d500000| Untracked 
| 214|0x000000008d600000, 0x000000008d600000, 0x000000008d700000|  0%| F|  |TAMS 0x000000008d600000| PB 0x000000008d600000| Untracked 
| 215|0x000000008d700000, 0x000000008d700000, 0x000000008d800000|  0%| F|  |TAMS 0x000000008d700000| PB 0x000000008d700000| Untracked 
| 216|0x000000008d800000, 0x000000008d800000, 0x000000008d900000|  0%| F|  |TAMS 0x000000008d800000| PB 0x000000008d800000| Untracked 
| 217|0x000000008d900000, 0x000000008d900000, 0x000000008da00000|  0%| F|  |TAMS 0x000000008d900000| PB 0x000000008d900000| Untracked 
| 218|0x000000008da00000, 0x000000008da00000, 0x000000008db00000|  0%| F|  |TAMS 0x000000008da00000| PB 0x000000008da00000| Untracked 
| 219|0x000000008db00000, 0x000000008db00000, 0x000000008dc00000|  0%| F|  |TAMS 0x000000008db00000| PB 0x000000008db00000| Untracked 
| 220|0x000000008dc00000, 0x000000008dc00000, 0x000000008dd00000|  0%| F|  |TAMS 0x000000008dc00000| PB 0x000000008dc00000| Untracked 
| 221|0x000000008dd00000, 0x000000008dd00000, 0x000000008de00000|  0%| F|  |TAMS 0x000000008dd00000| PB 0x000000008dd00000| Untracked 
| 222|0x000000008de00000, 0x000000008de00000, 0x000000008df00000|  0%| F|  |TAMS 0x000000008de00000| PB 0x000000008de00000| Untracked 
| 223|0x000000008df00000, 0x000000008df00000, 0x000000008e000000|  0%| F|  |TAMS 0x000000008df00000| PB 0x000000008df00000| Untracked 
| 224|0x000000008e000000, 0x000000008e000000, 0x000000008e100000|  0%| F|  |TAMS 0x000000008e000000| PB 0x000000008e000000| Untracked 
| 225|0x000000008e100000, 0x000000008e100000, 0x000000008e200000|  0%| F|  |TAMS 0x000000008e100000| PB 0x000000008e100000| Untracked 
| 226|0x000000008e200000, 0x000000008e300000, 0x000000008e300000|100%| O|  |TAMS 0x000000008e200000| PB 0x000000008e200000| Untracked 
| 227|0x000000008e300000, 0x000000008e300000, 0x000000008e400000|  0%| F|  |TAMS 0x000000008e300000| PB 0x000000008e300000| Untracked 
| 228|0x000000008e400000, 0x000000008e400000, 0x000000008e500000|  0%| F|  |TAMS 0x000000008e400000| PB 0x000000008e400000| Untracked 
| 229|0x000000008e500000, 0x000000008e500000, 0x000000008e600000|  0%| F|  |TAMS 0x000000008e500000| PB 0x000000008e500000| Untracked 
| 230|0x000000008e600000, 0x000000008e600000, 0x000000008e700000|  0%| F|  |TAMS 0x000000008e600000| PB 0x000000008e600000| Untracked 
| 231|0x000000008e700000, 0x000000008e700000, 0x000000008e800000|  0%| F|  |TAMS 0x000000008e700000| PB 0x000000008e700000| Untracked 
| 232|0x000000008e800000, 0x000000008e800000, 0x000000008e900000|  0%| F|  |TAMS 0x000000008e800000| PB 0x000000008e800000| Untracked 
| 233|0x000000008e900000, 0x000000008e900000, 0x000000008ea00000|  0%| F|  |TAMS 0x000000008e900000| PB 0x000000008e900000| Untracked 
| 234|0x000000008ea00000, 0x000000008eb00000, 0x000000008eb00000|100%| S|CS|TAMS 0x000000008ea00000| PB 0x000000008ea00000| Complete 
| 235|0x000000008eb00000, 0x000000008ec00000, 0x000000008ec00000|100%| S|CS|TAMS 0x000000008eb00000| PB 0x000000008eb00000| Complete 
| 236|0x000000008ec00000, 0x000000008ed00000, 0x000000008ed00000|100%| S|CS|TAMS 0x000000008ec00000| PB 0x000000008ec00000| Complete 
| 237|0x000000008ed00000, 0x000000008ee00000, 0x000000008ee00000|100%| S|CS|TAMS 0x000000008ed00000| PB 0x000000008ed00000| Complete 
| 238|0x000000008ee00000, 0x000000008ef00000, 0x000000008ef00000|100%| S|CS|TAMS 0x000000008ee00000| PB 0x000000008ee00000| Complete 
| 239|0x000000008ef00000, 0x000000008f000000, 0x000000008f000000|100%| S|CS|TAMS 0x000000008ef00000| PB 0x000000008ef00000| Complete 
| 240|0x000000008f000000, 0x000000008f100000, 0x000000008f100000|100%| S|CS|TAMS 0x000000008f000000| PB 0x000000008f000000| Complete 
| 241|0x000000008f100000, 0x000000008f200000, 0x000000008f200000|100%| S|CS|TAMS 0x000000008f100000| PB 0x000000008f100000| Complete 
| 242|0x000000008f200000, 0x000000008f300000, 0x000000008f300000|100%| S|CS|TAMS 0x000000008f200000| PB 0x000000008f200000| Complete 
| 243|0x000000008f300000, 0x000000008f400000, 0x000000008f400000|100%| S|CS|TAMS 0x000000008f300000| PB 0x000000008f300000| Complete 
| 244|0x000000008f400000, 0x000000008f500000, 0x000000008f500000|100%| S|CS|TAMS 0x000000008f400000| PB 0x000000008f400000| Complete 
| 245|0x000000008f500000, 0x000000008f500000, 0x000000008f600000|  0%| F|  |TAMS 0x000000008f500000| PB 0x000000008f500000| Untracked 
| 246|0x000000008f600000, 0x000000008f600000, 0x000000008f700000|  0%| F|  |TAMS 0x000000008f600000| PB 0x000000008f600000| Untracked 
| 247|0x000000008f700000, 0x000000008f700000, 0x000000008f800000|  0%| F|  |TAMS 0x000000008f700000| PB 0x000000008f700000| Untracked 
| 248|0x000000008f800000, 0x000000008f800000, 0x000000008f900000|  0%| F|  |TAMS 0x000000008f800000| PB 0x000000008f800000| Untracked 
| 249|0x000000008f900000, 0x000000008f900000, 0x000000008fa00000|  0%| F|  |TAMS 0x000000008f900000| PB 0x000000008f900000| Untracked 
| 250|0x000000008fa00000, 0x000000008fa00000, 0x000000008fb00000|  0%| F|  |TAMS 0x000000008fa00000| PB 0x000000008fa00000| Untracked 
| 251|0x000000008fb00000, 0x000000008fb00000, 0x000000008fc00000|  0%| F|  |TAMS 0x000000008fb00000| PB 0x000000008fb00000| Untracked 
| 252|0x000000008fc00000, 0x000000008fc00000, 0x000000008fd00000|  0%| F|  |TAMS 0x000000008fc00000| PB 0x000000008fc00000| Untracked 
| 253|0x000000008fd00000, 0x000000008fd00000, 0x000000008fe00000|  0%| F|  |TAMS 0x000000008fd00000| PB 0x000000008fd00000| Untracked 
| 254|0x000000008fe00000, 0x000000008fe00000, 0x000000008ff00000|  0%| F|  |TAMS 0x000000008fe00000| PB 0x000000008fe00000| Untracked 
| 255|0x000000008ff00000, 0x000000008ff00000, 0x0000000090000000|  0%| F|  |TAMS 0x000000008ff00000| PB 0x000000008ff00000| Untracked 
| 256|0x0000000090000000, 0x0000000090000000, 0x0000000090100000|  0%| F|  |TAMS 0x0000000090000000| PB 0x0000000090000000| Untracked 
| 257|0x0000000090100000, 0x0000000090100000, 0x0000000090200000|  0%| F|  |TAMS 0x0000000090100000| PB 0x0000000090100000| Untracked 
| 258|0x0000000090200000, 0x0000000090200000, 0x0000000090300000|  0%| F|  |TAMS 0x0000000090200000| PB 0x0000000090200000| Untracked 
| 259|0x0000000090300000, 0x0000000090300000, 0x0000000090400000|  0%| F|  |TAMS 0x0000000090300000| PB 0x0000000090300000| Untracked 
| 260|0x0000000090400000, 0x0000000090400000, 0x0000000090500000|  0%| F|  |TAMS 0x0000000090400000| PB 0x0000000090400000| Untracked 
| 261|0x0000000090500000, 0x0000000090500000, 0x0000000090600000|  0%| F|  |TAMS 0x0000000090500000| PB 0x0000000090500000| Untracked 
| 262|0x0000000090600000, 0x0000000090600000, 0x0000000090700000|  0%| F|  |TAMS 0x0000000090600000| PB 0x0000000090600000| Untracked 
| 263|0x0000000090700000, 0x0000000090700000, 0x0000000090800000|  0%| F|  |TAMS 0x0000000090700000| PB 0x0000000090700000| Untracked 
| 264|0x0000000090800000, 0x0000000090800000, 0x0000000090900000|  0%| F|  |TAMS 0x0000000090800000| PB 0x0000000090800000| Untracked 
| 265|0x0000000090900000, 0x0000000090900000, 0x0000000090a00000|  0%| F|  |TAMS 0x0000000090900000| PB 0x0000000090900000| Untracked 
| 266|0x0000000090a00000, 0x0000000090a00000, 0x0000000090b00000|  0%| F|  |TAMS 0x0000000090a00000| PB 0x0000000090a00000| Untracked 
| 267|0x0000000090b00000, 0x0000000090b00000, 0x0000000090c00000|  0%| F|  |TAMS 0x0000000090b00000| PB 0x0000000090b00000| Untracked 
| 268|0x0000000090c00000, 0x0000000090c00000, 0x0000000090d00000|  0%| F|  |TAMS 0x0000000090c00000| PB 0x0000000090c00000| Untracked 
| 269|0x0000000090d00000, 0x0000000090d00000, 0x0000000090e00000|  0%| F|  |TAMS 0x0000000090d00000| PB 0x0000000090d00000| Untracked 
| 270|0x0000000090e00000, 0x0000000090e00000, 0x0000000090f00000|  0%| F|  |TAMS 0x0000000090e00000| PB 0x0000000090e00000| Untracked 
| 271|0x0000000090f00000, 0x0000000090f00000, 0x0000000091000000|  0%| F|  |TAMS 0x0000000090f00000| PB 0x0000000090f00000| Untracked 
| 272|0x0000000091000000, 0x0000000091000000, 0x0000000091100000|  0%| F|  |TAMS 0x0000000091000000| PB 0x0000000091000000| Untracked 
| 273|0x0000000091100000, 0x0000000091100000, 0x0000000091200000|  0%| F|  |TAMS 0x0000000091100000| PB 0x0000000091100000| Untracked 
| 274|0x0000000091200000, 0x0000000091200000, 0x0000000091300000|  0%| F|  |TAMS 0x0000000091200000| PB 0x0000000091200000| Untracked 
| 275|0x0000000091300000, 0x0000000091300000, 0x0000000091400000|  0%| F|  |TAMS 0x0000000091300000| PB 0x0000000091300000| Untracked 
| 276|0x0000000091400000, 0x0000000091400000, 0x0000000091500000|  0%| F|  |TAMS 0x0000000091400000| PB 0x0000000091400000| Untracked 
| 277|0x0000000091500000, 0x0000000091500000, 0x0000000091600000|  0%| F|  |TAMS 0x0000000091500000| PB 0x0000000091500000| Untracked 
| 278|0x0000000091600000, 0x0000000091600000, 0x0000000091700000|  0%| F|  |TAMS 0x0000000091600000| PB 0x0000000091600000| Untracked 
| 279|0x0000000091700000, 0x0000000091700000, 0x0000000091800000|  0%| F|  |TAMS 0x0000000091700000| PB 0x0000000091700000| Untracked 
| 280|0x0000000091800000, 0x0000000091800000, 0x0000000091900000|  0%| F|  |TAMS 0x0000000091800000| PB 0x0000000091800000| Untracked 
| 281|0x0000000091900000, 0x0000000091900000, 0x0000000091a00000|  0%| F|  |TAMS 0x0000000091900000| PB 0x0000000091900000| Untracked 
| 282|0x0000000091a00000, 0x0000000091a00000, 0x0000000091b00000|  0%| F|  |TAMS 0x0000000091a00000| PB 0x0000000091a00000| Untracked 
| 283|0x0000000091b00000, 0x0000000091b00000, 0x0000000091c00000|  0%| F|  |TAMS 0x0000000091b00000| PB 0x0000000091b00000| Untracked 
| 284|0x0000000091c00000, 0x0000000091c00000, 0x0000000091d00000|  0%| F|  |TAMS 0x0000000091c00000| PB 0x0000000091c00000| Untracked 
| 285|0x0000000091d00000, 0x0000000091d00000, 0x0000000091e00000|  0%| F|  |TAMS 0x0000000091d00000| PB 0x0000000091d00000| Untracked 
| 286|0x0000000091e00000, 0x0000000091e00000, 0x0000000091f00000|  0%| F|  |TAMS 0x0000000091e00000| PB 0x0000000091e00000| Untracked 
| 287|0x0000000091f00000, 0x0000000091f00000, 0x0000000092000000|  0%| F|  |TAMS 0x0000000091f00000| PB 0x0000000091f00000| Untracked 
| 288|0x0000000092000000, 0x0000000092000000, 0x0000000092100000|  0%| F|  |TAMS 0x0000000092000000| PB 0x0000000092000000| Untracked 
| 289|0x0000000092100000, 0x0000000092100000, 0x0000000092200000|  0%| F|  |TAMS 0x0000000092100000| PB 0x0000000092100000| Untracked 
| 290|0x0000000092200000, 0x0000000092200000, 0x0000000092300000|  0%| F|  |TAMS 0x0000000092200000| PB 0x0000000092200000| Untracked 
| 291|0x0000000092300000, 0x0000000092300000, 0x0000000092400000|  0%| F|  |TAMS 0x0000000092300000| PB 0x0000000092300000| Untracked 
| 292|0x0000000092400000, 0x0000000092400000, 0x0000000092500000|  0%| F|  |TAMS 0x0000000092400000| PB 0x0000000092400000| Untracked 
| 293|0x0000000092500000, 0x0000000092500000, 0x0000000092600000|  0%| F|  |TAMS 0x0000000092500000| PB 0x0000000092500000| Untracked 
| 294|0x0000000092600000, 0x0000000092600000, 0x0000000092700000|  0%| F|  |TAMS 0x0000000092600000| PB 0x0000000092600000| Untracked 
| 295|0x0000000092700000, 0x0000000092700000, 0x0000000092800000|  0%| F|  |TAMS 0x0000000092700000| PB 0x0000000092700000| Untracked 
| 296|0x0000000092800000, 0x0000000092800000, 0x0000000092900000|  0%| F|  |TAMS 0x0000000092800000| PB 0x0000000092800000| Untracked 
| 297|0x0000000092900000, 0x0000000092900000, 0x0000000092a00000|  0%| F|  |TAMS 0x0000000092900000| PB 0x0000000092900000| Untracked 
| 298|0x0000000092a00000, 0x0000000092a00000, 0x0000000092b00000|  0%| F|  |TAMS 0x0000000092a00000| PB 0x0000000092a00000| Untracked 
| 299|0x0000000092b00000, 0x0000000092b00000, 0x0000000092c00000|  0%| F|  |TAMS 0x0000000092b00000| PB 0x0000000092b00000| Untracked 
| 300|0x0000000092c00000, 0x0000000092c00000, 0x0000000092d00000|  0%| F|  |TAMS 0x0000000092c00000| PB 0x0000000092c00000| Untracked 
| 301|0x0000000092d00000, 0x0000000092d00000, 0x0000000092e00000|  0%| F|  |TAMS 0x0000000092d00000| PB 0x0000000092d00000| Untracked 
| 302|0x0000000092e00000, 0x0000000092e00000, 0x0000000092f00000|  0%| F|  |TAMS 0x0000000092e00000| PB 0x0000000092e00000| Untracked 
| 303|0x0000000092f00000, 0x0000000092f00000, 0x0000000093000000|  0%| F|  |TAMS 0x0000000092f00000| PB 0x0000000092f00000| Untracked 
| 304|0x0000000093000000, 0x0000000093000000, 0x0000000093100000|  0%| F|  |TAMS 0x0000000093000000| PB 0x0000000093000000| Untracked 
| 305|0x0000000093100000, 0x0000000093100000, 0x0000000093200000|  0%| F|  |TAMS 0x0000000093100000| PB 0x0000000093100000| Untracked 
| 306|0x0000000093200000, 0x0000000093200000, 0x0000000093300000|  0%| F|  |TAMS 0x0000000093200000| PB 0x0000000093200000| Untracked 
| 307|0x0000000093300000, 0x0000000093300000, 0x0000000093400000|  0%| F|  |TAMS 0x0000000093300000| PB 0x0000000093300000| Untracked 
| 308|0x0000000093400000, 0x0000000093400000, 0x0000000093500000|  0%| F|  |TAMS 0x0000000093400000| PB 0x0000000093400000| Untracked 
| 309|0x0000000093500000, 0x0000000093500000, 0x0000000093600000|  0%| F|  |TAMS 0x0000000093500000| PB 0x0000000093500000| Untracked 
| 310|0x0000000093600000, 0x0000000093600000, 0x0000000093700000|  0%| F|  |TAMS 0x0000000093600000| PB 0x0000000093600000| Untracked 
| 311|0x0000000093700000, 0x0000000093700000, 0x0000000093800000|  0%| F|  |TAMS 0x0000000093700000| PB 0x0000000093700000| Untracked 
| 312|0x0000000093800000, 0x0000000093800000, 0x0000000093900000|  0%| F|  |TAMS 0x0000000093800000| PB 0x0000000093800000| Untracked 
|2034|0x00000000ff200000, 0x00000000ff200000, 0x00000000ff300000|  0%| F|  |TAMS 0x00000000ff200000| PB 0x00000000ff200000| Untracked 
|2035|0x00000000ff300000, 0x00000000ff400000, 0x00000000ff400000|100%| O|  |TAMS 0x00000000ff400000| PB 0x00000000ff300000| Untracked 
|2036|0x00000000ff400000, 0x00000000ff500000, 0x00000000ff500000|100%| O|  |TAMS 0x00000000ff500000| PB 0x00000000ff400000| Untracked 
|2037|0x00000000ff500000, 0x00000000ff600000, 0x00000000ff600000|100%| O|  |TAMS 0x00000000ff600000| PB 0x00000000ff500000| Untracked 
|2038|0x00000000ff600000, 0x00000000ff700000, 0x00000000ff700000|100%| O|  |TAMS 0x00000000ff700000| PB 0x00000000ff600000| Untracked 
|2039|0x00000000ff700000, 0x00000000ff800000, 0x00000000ff800000|100%| O|  |TAMS 0x00000000ff800000| PB 0x00000000ff700000| Untracked 
|2040|0x00000000ff800000, 0x00000000ff900000, 0x00000000ff900000|100%| O|  |TAMS 0x00000000ff900000| PB 0x00000000ff800000| Untracked 
|2041|0x00000000ff900000, 0x00000000ffa00000, 0x00000000ffa00000|100%| O|  |TAMS 0x00000000ffa00000| PB 0x00000000ff900000| Untracked 
|2042|0x00000000ffa00000, 0x00000000ffb00000, 0x00000000ffb00000|100%| O|  |TAMS 0x00000000ffb00000| PB 0x00000000ffa00000| Untracked 
|2043|0x00000000ffb00000, 0x00000000ffc00000, 0x00000000ffc00000|100%| O|  |TAMS 0x00000000ffc00000| PB 0x00000000ffb00000| Untracked 
|2044|0x00000000ffc00000, 0x00000000ffc00000, 0x00000000ffd00000|  0%| F|  |TAMS 0x00000000ffc00000| PB 0x00000000ffc00000| Untracked 
|2045|0x00000000ffd00000, 0x00000000ffe00000, 0x00000000ffe00000|100%| O|  |TAMS 0x00000000ffe00000| PB 0x00000000ffd00000| Untracked 
|2046|0x00000000ffe00000, 0x00000000ffe00000, 0x00000000fff00000|  0%| F|  |TAMS 0x00000000ffe00000| PB 0x00000000ffe00000| Untracked 
|2047|0x00000000fff00000, 0x00000000fff00000, 0x0000000100000000|  0%| F|  |TAMS 0x00000000fff00000| PB 0x00000000fff00000| Untracked 

Card table byte_map: [0x0000026345ae0000,0x0000026345ee0000] _byte_map_base: 0x00000263456e0000

Marking Bits: (CMBitMap*) 0x00000263332bbc10
 Bits: [0x0000026345ee0000, 0x0000026347ee0000)

Polling page: 0x00000263310e0000

Metaspace:

Usage:
  Non-class:    111.76 MB used.
      Class:     18.42 MB used.
       Both:    130.18 MB used.

Virtual space:
  Non-class space:      128.00 MB reserved,     112.88 MB ( 88%) committed,  2 nodes.
      Class space:        1.00 GB reserved,      19.50 MB (  2%) committed,  1 nodes.
             Both:        1.12 GB reserved,     132.38 MB ( 11%) committed. 

Chunk freelists:
   Non-Class:  14.64 MB
       Class:  12.52 MB
        Both:  27.16 MB

MaxMetaspaceSize: unlimited
CompressedClassSpaceSize: 1.00 GB
Initial GC threshold: 21.00 MB
Current GC threshold: 216.06 MB
CDS: off
 - commit_granule_bytes: 65536.
 - commit_granule_words: 8192.
 - virtual_space_node_default_size: 8388608.
 - enlarge_chunks_in_place: 1.
 - use_allocation_guard: 0.


Internal statistics:

num_allocs_failed_limit: 9.
num_arena_births: 4466.
num_arena_deaths: 8.
num_vsnodes_births: 3.
num_vsnodes_deaths: 0.
num_space_committed: 2117.
num_space_uncommitted: 0.
num_chunks_returned_to_freelist: 20.
num_chunks_taken_from_freelist: 10190.
num_chunk_merges: 12.
num_chunk_splits: 6668.
num_chunks_enlarged: 4213.
num_inconsistent_stats: 0.

CodeHeap 'non-profiled nmethods': size=120000Kb used=8857Kb max_used=9059Kb free=111142Kb
 bounds [0x000002633de80000, 0x000002633e760000, 0x00000263453b0000]
CodeHeap 'profiled nmethods': size=120000Kb used=25397Kb max_used=25557Kb free=94602Kb
 bounds [0x00000263363b0000, 0x0000026337cc0000, 0x000002633d8e0000]
CodeHeap 'non-nmethods': size=5760Kb used=2972Kb max_used=3029Kb free=2787Kb
 bounds [0x000002633d8e0000, 0x000002633dbf0000, 0x000002633de80000]
CodeCache: size=245760Kb, used=37226Kb, max_used=37645Kb, free=208531Kb
 total_blobs=14295, nmethods=13261, adapters=936, full_count=0
Compilation: enabled, stopped_count=0, restarted_count=0

Compilation events (20 events):
Event: 21.262 Thread 0x000002634aac8280 16221   !   2       com.android.tools.r8.graph.s9::I0 (47 bytes)
Event: 21.262 Thread 0x000002634aac8280 nmethod 16221 0x0000026336aa6f90 code [0x0000026336aa7140, 0x0000026336aa7380]
Event: 21.262 Thread 0x000002634aac8280 16216       2       com.android.tools.r8.graph.la::b (19 bytes)
Event: 21.262 Thread 0x000002634aac8280 nmethod 16216 0x0000026336a48d90 code [0x0000026336a48f40, 0x0000026336a490c8]
Event: 21.262 Thread 0x000002634aac8280 16222       2       com.android.tools.r8.graph.ma::a (13 bytes)
Event: 21.262 Thread 0x000002634aac8280 nmethod 16222 0x0000026336a48790 code [0x0000026336a48960, 0x0000026336a48bc8]
Event: 21.262 Thread 0x000002634aac8280 16224   !   3       com.android.tools.r8.internal.o34::a (30 bytes)
Event: 21.263 Thread 0x000002634aac8280 nmethod 16224 0x0000026337018f90 code [0x00000263370191c0, 0x0000026337019a38]
Event: 21.263 Thread 0x000002634aac8280 16223       3       com.android.tools.r8.internal.st::a (18 bytes)
Event: 21.263 Thread 0x000002634aac8280 nmethod 16223 0x00000263376bf090 code [0x00000263376bf240, 0x00000263376bf470]
Event: 21.264 Thread 0x000002634aac5290 nmethod 16149 0x000002633e1ce590 code [0x000002633e1ce840, 0x000002633e1cf890]
Event: 21.264 Thread 0x000002634aac8280 16225       2       com.android.tools.r8.internal.ke2::b (36 bytes)
Event: 21.264 Thread 0x000002634aac5290 16116       4       com.android.tools.r8.graph.f9::f (61 bytes)
Event: 21.264 Thread 0x000002634aac8280 nmethod 16225 0x00000263376beb90 code [0x00000263376bed60, 0x00000263376befa0]
Event: 21.265 Thread 0x000002634aac8280 16227       3       com.android.tools.r8.graph.g2::<init> (83 bytes)
Event: 21.265 Thread 0x000002634aac8280 nmethod 16227 0x0000026337058210 code [0x00000263370583c0, 0x0000026337058610]
Event: 21.267 Thread 0x000002634aac8280 16228       1       com.android.tools.r8.internal.na4::D (2 bytes)
Event: 21.267 Thread 0x000002634aac8280 nmethod 16228 0x000002633e33b390 code [0x000002633e33b520, 0x000002633e33b5e8]
Event: 21.267 Thread 0x000002634aac8280 16230       3       com.android.tools.r8.graph.h2::<init> (96 bytes)
Event: 21.267 Thread 0x000002634aac8280 nmethod 16230 0x0000026337057e10 code [0x0000026337057fc0, 0x0000026337058140]

GC Heap History (20 events):
Event: 17.745 GC heap after
{Heap after GC invocations=49 (full 0):
 garbage-first heap   total 217088K, used 131429K [0x0000000080000000, 0x0000000100000000)
  region size 1024K, 7 young (7168K), 7 survivors (7168K)
 Metaspace       used 118901K, committed 121152K, reserved 1179648K
  class space    used 16870K, committed 17984K, reserved 1048576K
}
Event: 18.147 GC heap before
{Heap before GC invocations=49 (full 0):
 garbage-first heap   total 217088K, used 201061K [0x0000000080000000, 0x0000000100000000)
  region size 1024K, 71 young (72704K), 7 survivors (7168K)
 Metaspace       used 120732K, committed 123008K, reserved 1179648K
  class space    used 16997K, committed 18112K, reserved 1048576K
}
Event: 18.156 GC heap after
{Heap after GC invocations=50 (full 0):
 garbage-first heap   total 217088K, used 132366K [0x0000000080000000, 0x0000000100000000)
  region size 1024K, 6 young (6144K), 6 survivors (6144K)
 Metaspace       used 120732K, committed 123008K, reserved 1179648K
  class space    used 16997K, committed 18112K, reserved 1048576K
}
Event: 18.844 GC heap before
{Heap before GC invocations=50 (full 0):
 garbage-first heap   total 217088K, used 196878K [0x0000000080000000, 0x0000000100000000)
  region size 1024K, 70 young (71680K), 6 survivors (6144K)
 Metaspace       used 122816K, committed 125056K, reserved 1179648K
  class space    used 17268K, committed 18368K, reserved 1048576K
}
Event: 18.854 GC heap after
{Heap after GC invocations=51 (full 0):
 garbage-first heap   total 217088K, used 135975K [0x0000000080000000, 0x0000000100000000)
  region size 1024K, 9 young (9216K), 9 survivors (9216K)
 Metaspace       used 122816K, committed 125056K, reserved 1179648K
  class space    used 17268K, committed 18368K, reserved 1048576K
}
Event: 19.316 GC heap before
{Heap before GC invocations=52 (full 0):
 garbage-first heap   total 227328K, used 194343K [0x0000000080000000, 0x0000000100000000)
  region size 1024K, 68 young (69632K), 9 survivors (9216K)
 Metaspace       used 123477K, committed 125760K, reserved 1179648K
  class space    used 17374K, committed 18496K, reserved 1048576K
}
Event: 19.325 GC heap after
{Heap after GC invocations=53 (full 0):
 garbage-first heap   total 227328K, used 141311K [0x0000000080000000, 0x0000000100000000)
  region size 1024K, 8 young (8192K), 8 survivors (8192K)
 Metaspace       used 123477K, committed 125760K, reserved 1179648K
  class space    used 17374K, committed 18496K, reserved 1048576K
}
Event: 19.397 GC heap before
{Heap before GC invocations=53 (full 0):
 garbage-first heap   total 227328K, used 207871K [0x0000000080000000, 0x0000000100000000)
  region size 1024K, 72 young (73728K), 8 survivors (8192K)
 Metaspace       used 123691K, committed 125952K, reserved 1179648K
  class space    used 17397K, committed 18496K, reserved 1048576K
}
Event: 19.412 GC heap after
{Heap after GC invocations=54 (full 0):
 garbage-first heap   total 285696K, used 158719K [0x0000000080000000, 0x0000000100000000)
  region size 1024K, 9 young (9216K), 9 survivors (9216K)
 Metaspace       used 123691K, committed 125952K, reserved 1179648K
  class space    used 17397K, committed 18496K, reserved 1048576K
}
Event: 20.013 GC heap before
{Heap before GC invocations=54 (full 0):
 garbage-first heap   total 285696K, used 250879K [0x0000000080000000, 0x0000000100000000)
  region size 1024K, 100 young (102400K), 9 survivors (9216K)
 Metaspace       used 127926K, committed 130176K, reserved 1179648K
  class space    used 18037K, committed 19136K, reserved 1048576K
}
Event: 20.025 GC heap after
{Heap after GC invocations=55 (full 0):
 garbage-first heap   total 285696K, used 170636K [0x0000000080000000, 0x0000000100000000)
  region size 1024K, 13 young (13312K), 13 survivors (13312K)
 Metaspace       used 127926K, committed 130176K, reserved 1179648K
  class space    used 18037K, committed 19136K, reserved 1048576K
}
Event: 20.229 GC heap before
{Heap before GC invocations=55 (full 0):
 garbage-first heap   total 285696K, used 249484K [0x0000000080000000, 0x0000000100000000)
  region size 1024K, 91 young (93184K), 13 survivors (13312K)
 Metaspace       used 128638K, committed 130944K, reserved 1179648K
  class space    used 18128K, committed 19264K, reserved 1048576K
}
Event: 20.250 GC heap after
{Heap after GC invocations=56 (full 0):
 garbage-first heap   total 285696K, used 185343K [0x0000000080000000, 0x0000000100000000)
  region size 1024K, 12 young (12288K), 12 survivors (12288K)
 Metaspace       used 128638K, committed 130944K, reserved 1179648K
  class space    used 18128K, committed 19264K, reserved 1048576K
}
Event: 20.396 GC heap before
{Heap before GC invocations=56 (full 0):
 garbage-first heap   total 285696K, used 251903K [0x0000000080000000, 0x0000000100000000)
  region size 1024K, 78 young (79872K), 12 survivors (12288K)
 Metaspace       used 129463K, committed 131712K, reserved 1179648K
  class space    used 18279K, committed 19392K, reserved 1048576K
}
Event: 20.426 GC heap after
{Heap after GC invocations=57 (full 0):
 garbage-first heap   total 285696K, used 200002K [0x0000000080000000, 0x0000000100000000)
  region size 1024K, 10 young (10240K), 10 survivors (10240K)
 Metaspace       used 129463K, committed 131712K, reserved 1179648K
  class space    used 18279K, committed 19392K, reserved 1048576K
}
Event: 20.810 GC heap before
{Heap before GC invocations=58 (full 0):
 garbage-first heap   total 334848K, used 255298K [0x0000000080000000, 0x0000000100000000)
  region size 1024K, 65 young (66560K), 10 survivors (10240K)
 Metaspace       used 130725K, committed 132992K, reserved 1179648K
  class space    used 18460K, committed 19584K, reserved 1048576K
}
Event: 20.830 GC heap after
{Heap after GC invocations=59 (full 0):
 garbage-first heap   total 334848K, used 211667K [0x0000000080000000, 0x0000000100000000)
  region size 1024K, 9 young (9216K), 9 survivors (9216K)
 Metaspace       used 130725K, committed 132992K, reserved 1179648K
  class space    used 18460K, committed 19584K, reserved 1048576K
}
Event: 21.011 GC heap before
{Heap before GC invocations=59 (full 0):
 garbage-first heap   total 334848K, used 293587K [0x0000000080000000, 0x0000000100000000)
  region size 1024K, 90 young (92160K), 9 survivors (9216K)
 Metaspace       used 131622K, committed 133888K, reserved 1179648K
  class space    used 18581K, committed 19712K, reserved 1048576K
}
Event: 21.035 GC heap after
{Heap after GC invocations=60 (full 0):
 garbage-first heap   total 334848K, used 225893K [0x0000000080000000, 0x0000000100000000)
  region size 1024K, 12 young (12288K), 12 survivors (12288K)
 Metaspace       used 131622K, committed 133888K, reserved 1179648K
  class space    used 18581K, committed 19712K, reserved 1048576K
}
Event: 21.270 GC heap before
{Heap before GC invocations=60 (full 0):
 garbage-first heap   total 334848K, used 298597K [0x0000000080000000, 0x0000000100000000)
  region size 1024K, 84 young (86016K), 12 survivors (12288K)
 Metaspace       used 133301K, committed 135552K, reserved 1179648K
  class space    used 18862K, committed 19968K, reserved 1048576K
}

Dll operation events (3 events):
Event: 0.010 Loaded shared library C:\Program Files\Android\Android Studio\jbr\bin\java.dll
Event: 0.016 Loaded shared library C:\Program Files\Android\Android Studio\jbr\bin\zip.dll
Event: 0.519 Loaded shared library C:\Program Files\Android\Android Studio\jbr\bin\verify.dll

Deoptimization events (20 events):
Event: 21.097 Thread 0x0000026351d99a40 Uncommon trap: trap_request=0xffffff45 fr.pc=0x000002633e7372f4 relative=0x00000000000000d4
Event: 21.097 Thread 0x000002635490ffc0 Uncommon trap: reason=unstable_if action=reinterpret pc=0x000002633e7372f4 method=com.android.tools.r8.internal.vk1.c(Lcom/android/tools/r8/internal/a6;)Z @ 53 c2
Event: 21.097 Thread 0x0000026350d4a9c0 Uncommon trap: reason=unstable_if action=reinterpret pc=0x000002633e7372f4 method=com.android.tools.r8.internal.vk1.c(Lcom/android/tools/r8/internal/a6;)Z @ 53 c2
Event: 21.097 Thread 0x0000026351d99a40 Uncommon trap: reason=unstable_if action=reinterpret pc=0x000002633e7372f4 method=com.android.tools.r8.internal.vk1.c(Lcom/android/tools/r8/internal/a6;)Z @ 53 c2
Event: 21.097 Thread 0x000002635490ffc0 DEOPT PACKING pc=0x000002633e7372f4 sp=0x000000e861bfba90
Event: 21.097 Thread 0x0000026351d99a40 DEOPT PACKING pc=0x000002633e7372f4 sp=0x000000e862ffb4d0
Event: 21.097 Thread 0x0000026350d4a9c0 DEOPT PACKING pc=0x000002633e7372f4 sp=0x000000e8628f8250
Event: 21.097 Thread 0x000002635490ffc0 DEOPT UNPACKING pc=0x000002633d9346a2 sp=0x000000e861bfba30 mode 2
Event: 21.097 Thread 0x0000026351d99a40 DEOPT UNPACKING pc=0x000002633d9346a2 sp=0x000000e862ffb470 mode 2
Event: 21.097 Thread 0x0000026350d4a9c0 DEOPT UNPACKING pc=0x000002633d9346a2 sp=0x000000e8628f81f0 mode 2
Event: 21.104 Thread 0x0000026351d9d550 DEOPT PACKING pc=0x0000026337b0c0f5 sp=0x000000e8632fab20
Event: 21.104 Thread 0x0000026351d9d550 DEOPT UNPACKING pc=0x000002633d934e42 sp=0x000000e8632f9ff8 mode 0
Event: 21.131 Thread 0x0000026351d9cec0 DEOPT PACKING pc=0x0000026337b0c0f5 sp=0x000000e862efa500
Event: 21.131 Thread 0x0000026351d9cec0 DEOPT UNPACKING pc=0x000002633d934e42 sp=0x000000e862ef99d8 mode 0
Event: 21.176 Thread 0x0000026351d9d550 DEOPT PACKING pc=0x0000026337b0c0f5 sp=0x000000e8632fab20
Event: 21.176 Thread 0x0000026351d9d550 DEOPT UNPACKING pc=0x000002633d934e42 sp=0x000000e8632f9ff8 mode 0
Event: 21.236 Thread 0x0000026351d9d550 DEOPT PACKING pc=0x00000263370478c4 sp=0x000000e8632fb450
Event: 21.236 Thread 0x0000026351d9d550 DEOPT UNPACKING pc=0x000002633d934e42 sp=0x000000e8632fa8d8 mode 0
Event: 21.246 Thread 0x0000026351d9d550 DEOPT PACKING pc=0x0000026337b0c0f5 sp=0x000000e8632faaf0
Event: 21.246 Thread 0x0000026351d9d550 DEOPT UNPACKING pc=0x000002633d934e42 sp=0x000000e8632f9fc8 mode 0

Classes loaded (20 events):
Event: 19.238 Loading class sun/nio/fs/Globs
Event: 19.238 Loading class sun/nio/fs/Globs done
Event: 19.238 Loading class java/util/regex/Pattern$SliceU
Event: 19.238 Loading class java/util/regex/Pattern$SliceU done
Event: 19.238 Loading class sun/nio/fs/WindowsFileSystem$2
Event: 19.238 Loading class sun/nio/fs/WindowsFileSystem$2 done
Event: 19.244 Loading class java/util/zip/ZipFile$ZipEntryIterator
Event: 19.245 Loading class java/util/zip/ZipFile$ZipEntryIterator done
Event: 19.296 Loading class java/util/zip/ZipInputStream
Event: 19.297 Loading class java/util/zip/ZipInputStream done
Event: 19.479 Loading class java/io/UTFDataFormatException
Event: 19.479 Loading class java/io/UTFDataFormatException done
Event: 19.609 Loading class java/util/concurrent/RejectedExecutionException
Event: 19.609 Loading class java/util/concurrent/RejectedExecutionException done
Event: 20.082 Loading class java/util/concurrent/ConcurrentLinkedQueue$Itr
Event: 20.083 Loading class java/util/concurrent/ConcurrentLinkedQueue$Itr done
Event: 20.147 Loading class java/util/concurrent/ConcurrentHashMap$TreeNode
Event: 20.147 Loading class java/util/concurrent/ConcurrentHashMap$TreeNode done
Event: 20.147 Loading class java/util/concurrent/ConcurrentHashMap$TreeBin
Event: 20.148 Loading class java/util/concurrent/ConcurrentHashMap$TreeBin done

Classes unloaded (4 events):
Event: 20.662 Thread 0x000002634aa0fb80 Unloading class 0x0000000101289000 'java/lang/invoke/LambdaForm$DMH+0x0000000101289000'
Event: 20.662 Thread 0x000002634aa0fb80 Unloading class 0x0000000101288c00 'java/lang/invoke/LambdaForm$DMH+0x0000000101288c00'
Event: 20.662 Thread 0x000002634aa0fb80 Unloading class 0x0000000101288000 'java/lang/invoke/LambdaForm$DMH+0x0000000101288000'
Event: 20.662 Thread 0x000002634aa0fb80 Unloading class 0x0000000101288400 'java/lang/invoke/LambdaForm$DMH+0x0000000101288400'

Classes redefined (0 events):
No events

Internal exceptions (20 events):
Event: 18.608 Thread 0x0000026350d4a9c0 Exception <a 'java/lang/NoSuchMethodError'{0x000000008b7afc80}: 'int java.lang.invoke.DirectMethodHandle$Holder.invokeSpecial(java.lang.Object, java.lang.Object, java.lang.Object, java.lang.Object, java.lang.Object)'> (0x000000008b7afc80) 
thrown [s\src\hotspot\share\interpreter\linkResolver.cpp, line 784]
Event: 19.245 Thread 0x0000026351d98d20 Implicit null exception at 0x000002633e06b4ef to 0x000002633e06c088
Event: 19.764 Thread 0x0000026351d9cec0 Exception <a 'java/lang/NoSuchMethodError'{0x000000008d103e88}: 'java.lang.Object java.lang.invoke.DirectMethodHandle$Holder.invokeStaticInit(java.lang.Object, java.lang.Object, java.lang.Object, java.lang.Object, java.lang.Object, java.lang.Object, java.lang.Object, java.lang.Object, java.lang.Object, java.lang.Object, java.lang.Object, java.lang.Object, java.lang.Object, java.lang.Object, java.lang.Object, java.lang.Object, java.lang.Object, java.lang.Object, java.lang.Object, java.lang.Object, int, java
Event: 19.765 Thread 0x0000026351d9cec0 Exception <a 'java/lang/IncompatibleClassChangeError'{0x000000008d11a9b0}: Found class java.lang.Object, but interface was expected> (0x000000008d11a9b0) 
thrown [s\src\hotspot\share\interpreter\linkResolver.cpp, line 851]
Event: 19.765 Thread 0x0000026351d9cec0 Exception <a 'java/lang/IncompatibleClassChangeError'{0x000000008d125088}: Found class java.lang.Object, but interface was expected> (0x000000008d125088) 
thrown [s\src\hotspot\share\interpreter\linkResolver.cpp, line 851]
Event: 19.809 Thread 0x0000026351d9cec0 Exception <a 'java/lang/IncompatibleClassChangeError'{0x000000008d1e9378}: Found class java.lang.Object, but interface was expected> (0x000000008d1e9378) 
thrown [s\src\hotspot\share\interpreter\linkResolver.cpp, line 851]
Event: 19.809 Thread 0x0000026351d99a40 Exception <a 'java/lang/IncompatibleClassChangeError'{0x000000008d317220}: Found class java.lang.Object, but interface was expected> (0x000000008d317220) 
thrown [s\src\hotspot\share\interpreter\linkResolver.cpp, line 851]
Event: 19.809 Thread 0x0000026351d98d20 Exception <a 'java/lang/IncompatibleClassChangeError'{0x000000008cf6e410}: Found class java.lang.Object, but interface was expected> (0x000000008cf6e410) 
thrown [s\src\hotspot\share\interpreter\linkResolver.cpp, line 851]
Event: 19.830 Thread 0x0000026351d9cec0 Exception <a 'java/lang/NoSuchMethodError'{0x000000008cedd9d8}: 'void java.lang.invoke.DirectMethodHandle$Holder.invokeStatic(java.lang.Object, java.lang.Object, java.lang.Object, int, java.lang.Object, java.lang.Object, java.lang.Object, java.lang.Object)'> (0x000000008cedd9d8) 
thrown [s\src\hotspot\share\interpreter\linkResolver.cpp, line 784]
Event: 20.381 Thread 0x0000026351d98d20 Exception <a 'java/lang/IncompatibleClassChangeError'{0x000000008ce8ad68}: Found class java.lang.Object, but interface was expected> (0x000000008ce8ad68) 
thrown [s\src\hotspot\share\interpreter\linkResolver.cpp, line 851]
Event: 20.383 Thread 0x0000026351d98d20 Exception <a 'java/lang/NoSuchMethodError'{0x000000008ce946f0}: 'void java.lang.invoke.DirectMethodHandle$Holder.invokeInterface(java.lang.Object, java.lang.Object, java.lang.Object, int)'> (0x000000008ce946f0) 
thrown [s\src\hotspot\share\interpreter\linkResolver.cpp, line 784]
Event: 20.383 Thread 0x0000026350d4a9c0 Exception <a 'java/lang/NoSuchMethodError'{0x000000008d4137c0}: 'void java.lang.invoke.DirectMethodHandle$Holder.invokeInterface(java.lang.Object, java.lang.Object, java.lang.Object, int)'> (0x000000008d4137c0) 
thrown [s\src\hotspot\share\interpreter\linkResolver.cpp, line 784]
Event: 20.542 Thread 0x0000026351d9cec0 Implicit null exception at 0x000002633e750cd7 to 0x000002633e7529f0
Event: 21.129 Thread 0x000002635490ffc0 Exception <a 'java/lang/NoSuchMethodError'{0x0000000091ebb2a8}: 'java.lang.Object java.lang.invoke.DirectMethodHandle$Holder.invokeStatic(java.lang.Object, int, java.lang.Object, java.lang.Object)'> (0x0000000091ebb2a8) 
thrown [s\src\hotspot\share\interpreter\linkResolver.cpp, line 784]
Event: 21.129 Thread 0x0000026351d99a40 Exception <a 'java/lang/NoSuchMethodError'{0x0000000092eeebd8}: 'java.lang.Object java.lang.invoke.DirectMethodHandle$Holder.invokeStatic(java.lang.Object, int, java.lang.Object, java.lang.Object)'> (0x0000000092eeebd8) 
thrown [s\src\hotspot\share\interpreter\linkResolver.cpp, line 784]
Event: 21.129 Thread 0x0000026351d98d20 Exception <a 'java/lang/NoSuchMethodError'{0x0000000091c6d470}: 'java.lang.Object java.lang.invoke.DirectMethodHandle$Holder.invokeStatic(java.lang.Object, int, java.lang.Object, java.lang.Object)'> (0x0000000091c6d470) 
thrown [s\src\hotspot\share\interpreter\linkResolver.cpp, line 784]
Event: 21.130 Thread 0x0000026351d98d20 Exception <a 'java/lang/NoSuchMethodError'{0x00000000917e71c8}: 'java.lang.Object java.lang.invoke.DirectMethodHandle$Holder.invokeStatic(java.lang.Object, java.lang.Object, int, java.lang.Object, java.lang.Object)'> (0x00000000917e71c8) 
thrown [s\src\hotspot\share\interpreter\linkResolver.cpp, line 784]
Event: 21.130 Thread 0x0000026351d99a40 Exception <a 'java/lang/NoSuchMethodError'{0x000000009163e8c0}: 'java.lang.Object java.lang.invoke.DirectMethodHandle$Holder.invokeStatic(java.lang.Object, java.lang.Object, int, java.lang.Object, java.lang.Object)'> (0x000000009163e8c0) 
thrown [s\src\hotspot\share\interpreter\linkResolver.cpp, line 784]
Event: 21.130 Thread 0x000002635490ffc0 Exception <a 'java/lang/NoSuchMethodError'{0x0000000091eccb68}: 'java.lang.Object java.lang.invoke.DirectMethodHandle$Holder.invokeStatic(java.lang.Object, java.lang.Object, int, java.lang.Object, java.lang.Object)'> (0x0000000091eccb68) 
thrown [s\src\hotspot\share\interpreter\linkResolver.cpp, line 784]
Event: 21.130 Thread 0x0000026350d4a9c0 Exception <a 'java/lang/NoSuchMethodError'{0x00000000929ba8c8}: 'java.lang.Object java.lang.invoke.DirectMethodHandle$Holder.invokeStatic(java.lang.Object, java.lang.Object, int, java.lang.Object, java.lang.Object)'> (0x00000000929ba8c8) 
thrown [s\src\hotspot\share\interpreter\linkResolver.cpp, line 784]

ZGC Phase Switch (0 events):
No events

VM Operations (20 events):
Event: 20.777 Executing VM operation: G1PauseCleanup done
Event: 20.790 Executing VM operation: HandshakeAllThreads (Deoptimize)
Event: 20.802 Executing VM operation: HandshakeAllThreads (Deoptimize) done
Event: 20.810 Executing VM operation: G1CollectForAllocation (G1 Evacuation Pause)
Event: 20.830 Executing VM operation: G1CollectForAllocation (G1 Evacuation Pause) done
Event: 20.879 Executing VM operation: HandshakeAllThreads (Deoptimize)
Event: 20.896 Executing VM operation: HandshakeAllThreads (Deoptimize) done
Event: 20.929 Executing VM operation: HandshakeAllThreads (Deoptimize)
Event: 20.937 Executing VM operation: HandshakeAllThreads (Deoptimize) done
Event: 20.957 Executing VM operation: HandshakeAllThreads (Deoptimize)
Event: 20.960 Executing VM operation: HandshakeAllThreads (Deoptimize) done
Event: 21.011 Executing VM operation: G1CollectForAllocation (G1 Evacuation Pause)
Event: 21.035 Executing VM operation: G1CollectForAllocation (G1 Evacuation Pause) done
Event: 21.201 Executing VM operation: HandshakeAllThreads (Deoptimize)
Event: 21.202 Executing VM operation: HandshakeAllThreads (Deoptimize) done
Event: 21.219 Executing VM operation: HandshakeAllThreads (Deoptimize)
Event: 21.220 Executing VM operation: HandshakeAllThreads (Deoptimize) done
Event: 21.236 Executing VM operation: HandshakeAllThreads (Deoptimize)
Event: 21.237 Executing VM operation: HandshakeAllThreads (Deoptimize) done
Event: 21.269 Executing VM operation: G1CollectForAllocation (G1 Evacuation Pause)

Memory protections (0 events):
No events

Nmethod flushes (20 events):
Event: 20.674 Thread 0x000002634aa0fb80 flushing  nmethod 0x0000026336c57190
Event: 20.674 Thread 0x000002634aa0fb80 flushing  nmethod 0x0000026336db3a10
Event: 20.674 Thread 0x000002634aa0fb80 flushing  nmethod 0x0000026336db4010
Event: 20.674 Thread 0x000002634aa0fb80 flushing  nmethod 0x0000026336db4910
Event: 20.674 Thread 0x000002634aa0fb80 flushing  nmethod 0x0000026336db5210
Event: 20.674 Thread 0x000002634aa0fb80 flushing  nmethod 0x0000026336db7410
Event: 20.674 Thread 0x000002634aa0fb80 flushing  nmethod 0x0000026336e69a90
Event: 20.674 Thread 0x000002634aa0fb80 flushing  nmethod 0x0000026336eb3f10
Event: 20.674 Thread 0x000002634aa0fb80 flushing  nmethod 0x0000026336f07b90
Event: 20.674 Thread 0x000002634aa0fb80 flushing  nmethod 0x0000026336f95110
Event: 20.674 Thread 0x000002634aa0fb80 flushing  nmethod 0x0000026337033e90
Event: 20.674 Thread 0x000002634aa0fb80 flushing  nmethod 0x000002633709db90
Event: 20.674 Thread 0x000002634aa0fb80 flushing  nmethod 0x00000263370a0490
Event: 20.674 Thread 0x000002634aa0fb80 flushing  nmethod 0x00000263370e3390
Event: 20.674 Thread 0x000002634aa0fb80 flushing  nmethod 0x00000263370e4c10
Event: 20.674 Thread 0x000002634aa0fb80 flushing  nmethod 0x00000263370e5710
Event: 20.674 Thread 0x000002634aa0fb80 flushing  nmethod 0x0000026337202610
Event: 20.674 Thread 0x000002634aa0fb80 flushing  nmethod 0x000002633779e690
Event: 20.674 Thread 0x000002634aa0fb80 flushing  nmethod 0x000002633791fb90
Event: 20.674 Thread 0x000002634aa0fb80 flushing  nmethod 0x0000026337925b90

Events (20 events):
Event: 17.681 Thread 0x0000026350d47bd0 Thread added: 0x000002635c2de830
Event: 17.698 Thread 0x0000026350d47bd0 Thread added: 0x000002635c2de1a0
Event: 17.699 Thread 0x0000026350d47bd0 Thread added: 0x000002635c2e1cb0
Event: 17.699 Thread 0x0000026350d47bd0 Thread added: 0x000002635c2e2340
Event: 17.700 Thread 0x0000026350d47bd0 Thread added: 0x000002635c2deec0
Event: 17.703 Thread 0x0000026350d47bd0 Thread added: 0x000002635c2df550
Event: 17.703 Thread 0x0000026350d47bd0 Thread added: 0x000002635c2e3d80
Event: 17.705 Thread 0x0000026350d47bd0 Thread added: 0x000002635c2e29d0
Event: 17.775 Thread 0x0000026350d47bd0 Thread added: 0x000002635c2e5130
Event: 17.775 Thread 0x0000026350d47bd0 Thread added: 0x000002635c2e36f0
Event: 17.775 Thread 0x0000026350d47bd0 Thread added: 0x000002635c2e4410
Event: 17.776 Thread 0x0000026350d47bd0 Thread added: 0x000002635c2e4aa0
Event: 17.776 Thread 0x0000026350d47bd0 Thread added: 0x000002635c88dfa0
Event: 17.777 Thread 0x0000026350d47bd0 Thread added: 0x000002635c88c560
Event: 17.778 Thread 0x0000026350d47bd0 Thread added: 0x000002635c88cbf0
Event: 17.823 Thread 0x0000026350d47bd0 Thread added: 0x000002635c88e630
Event: 17.823 Thread 0x0000026350d47bd0 Thread added: 0x000002635c88d280
Event: 17.823 Thread 0x0000026350d47bd0 Thread added: 0x000002635c88b840
Event: 17.824 Thread 0x0000026350d47bd0 Thread added: 0x000002635c88ecc0
Event: 18.577 Thread 0x0000026350d47bd0 Thread added: 0x000002635c890700


Dynamic libraries:
0x00007ff634c00000 - 0x00007ff634c0a000 	C:\Program Files\Android\Android Studio\jbr\bin\java.exe
0x00007fff5e220000 - 0x00007fff5e487000 	C:\WINDOWS\SYSTEM32\ntdll.dll
0x00007fff5c990000 - 0x00007fff5ca59000 	C:\WINDOWS\System32\KERNEL32.DLL
0x00007fff5b790000 - 0x00007fff5bb84000 	C:\WINDOWS\System32\KERNELBASE.dll
0x00007fff5b590000 - 0x00007fff5b6db000 	C:\WINDOWS\System32\ucrtbase.dll
0x00007fff4e930000 - 0x00007fff4e94b000 	C:\Program Files\Android\Android Studio\jbr\bin\VCRUNTIME140.dll
0x00007fff34e20000 - 0x00007fff34e38000 	C:\Program Files\Android\Android Studio\jbr\bin\jli.dll
0x00007fff5c060000 - 0x00007fff5c225000 	C:\WINDOWS\System32\USER32.dll
0x00007fff5aaf0000 - 0x00007fff5ab17000 	C:\WINDOWS\System32\win32u.dll
0x00007fff3e940000 - 0x00007fff3ebd3000 	C:\WINDOWS\WinSxS\amd64_microsoft.windows.common-controls_6595b64144ccf1df_6.0.26100.8115_none_3e075c82e3354f9c\COMCTL32.dll
0x00007fff5c030000 - 0x00007fff5c05b000 	C:\WINDOWS\System32\GDI32.dll
0x00007fff5d1a0000 - 0x00007fff5d249000 	C:\WINDOWS\System32\msvcrt.dll
0x00007fff5be80000 - 0x00007fff5bfab000 	C:\WINDOWS\System32\gdi32full.dll
0x00007fff5bc50000 - 0x00007fff5bcf3000 	C:\WINDOWS\System32\msvcp_win.dll
0x00007fff5c2a0000 - 0x00007fff5c2d2000 	C:\WINDOWS\System32\IMM32.DLL
0x00007fff4ea90000 - 0x00007fff4ea9c000 	C:\Program Files\Android\Android Studio\jbr\bin\vcruntime140_1.dll
0x00007ffedf3c0000 - 0x00007ffedf44d000 	C:\Program Files\Android\Android Studio\jbr\bin\msvcp140.dll
0x00007ffea8e20000 - 0x00007ffea9ab6000 	C:\Program Files\Android\Android Studio\jbr\bin\server\jvm.dll
0x00007fff5cf70000 - 0x00007fff5d026000 	C:\WINDOWS\System32\ADVAPI32.dll
0x00007fff5cde0000 - 0x00007fff5ce87000 	C:\WINDOWS\System32\sechost.dll
0x00007fff5cb70000 - 0x00007fff5cc88000 	C:\WINDOWS\System32\RPCRT4.dll
0x00007fff5d250000 - 0x00007fff5d2d0000 	C:\WINDOWS\System32\WS2_32.dll
0x00007fff5a950000 - 0x00007fff5a9ae000 	C:\WINDOWS\SYSTEM32\POWRPROF.dll
0x00007fff47210000 - 0x00007fff47246000 	C:\WINDOWS\SYSTEM32\WINMM.dll
0x00007fff4d830000 - 0x00007fff4d83b000 	C:\WINDOWS\SYSTEM32\VERSION.dll
0x00007fff5a930000 - 0x00007fff5a944000 	C:\WINDOWS\SYSTEM32\UMPDC.dll
0x00007fff59840000 - 0x00007fff5985b000 	C:\WINDOWS\SYSTEM32\kernel.appcore.dll
0x00007fff4e920000 - 0x00007fff4e92a000 	C:\Program Files\Android\Android Studio\jbr\bin\jimage.dll
0x00007fff588c0000 - 0x00007fff58b02000 	C:\WINDOWS\SYSTEM32\DBGHELP.DLL
0x00007fff5c2e0000 - 0x00007fff5c662000 	C:\WINDOWS\System32\combase.dll
0x00007fff5ce90000 - 0x00007fff5cf68000 	C:\WINDOWS\System32\OLEAUT32.dll
0x00007fff309a0000 - 0x00007fff309db000 	C:\WINDOWS\SYSTEM32\dbgcore.DLL
0x00007fff5b6e0000 - 0x00007fff5b785000 	C:\WINDOWS\System32\bcryptPrimitives.dll
0x00007fff4e9e0000 - 0x00007fff4e9ee000 	C:\Program Files\Android\Android Studio\jbr\bin\instrument.dll
0x00007fff49550000 - 0x00007fff49570000 	C:\Program Files\Android\Android Studio\jbr\bin\java.dll
0x00007fff45b00000 - 0x00007fff45b18000 	C:\Program Files\Android\Android Studio\jbr\bin\zip.dll
0x00007fff5d790000 - 0x00007fff5def7000 	C:\WINDOWS\System32\SHELL32.dll
0x00007fff5abb0000 - 0x00007fff5ad1a000 	C:\WINDOWS\System32\wintypes.dll
0x00007fff5ad20000 - 0x00007fff5b588000 	C:\WINDOWS\System32\windows.storage.dll
0x00007fff5d030000 - 0x00007fff5d128000 	C:\WINDOWS\System32\SHCORE.dll
0x00007fff5d130000 - 0x00007fff5d196000 	C:\WINDOWS\System32\shlwapi.dll
0x00007fff5aa10000 - 0x00007fff5aa39000 	C:\WINDOWS\SYSTEM32\profapi.dll
0x00007fff4c480000 - 0x00007fff4c490000 	C:\Program Files\Android\Android Studio\jbr\bin\net.dll
0x00007fff55000000 - 0x00007fff5512d000 	C:\WINDOWS\SYSTEM32\WINHTTP.dll
0x00007fff59d90000 - 0x00007fff59dfc000 	C:\WINDOWS\system32\mswsock.dll
0x00007fff45ae0000 - 0x00007fff45af6000 	C:\Program Files\Android\Android Studio\jbr\bin\nio.dll
0x00007fff45670000 - 0x00007fff45680000 	C:\Program Files\Android\Android Studio\jbr\bin\verify.dll
0x00007fff45610000 - 0x00007fff45637000 	C:\Users\michael\.gradle\native\1def1411415f61bf3af743bc5b6707747c0891f09f0c88961ee8f79bc544acac\windows-amd64\native-platform.dll
0x00007ffee26f0000 - 0x00007ffee2768000 	C:\Users\michael\.gradle\native\0.2.7\x86_64-windows-gnu\gradle-fileevents.dll
0x00007fff48b90000 - 0x00007fff48b99000 	C:\Program Files\Android\Android Studio\jbr\bin\management.dll
0x00007fff46aa0000 - 0x00007fff46aab000 	C:\Program Files\Android\Android Studio\jbr\bin\management_ext.dll
0x00007fff5c290000 - 0x00007fff5c298000 	C:\WINDOWS\System32\PSAPI.DLL
0x00007fff59270000 - 0x00007fff592a2000 	C:\WINDOWS\SYSTEM32\IPHLPAPI.DLL
0x00007fff5cd10000 - 0x00007fff5cd1a000 	C:\WINDOWS\System32\NSI.dll
0x00007fff49790000 - 0x00007fff49799000 	C:\Program Files\Android\Android Studio\jbr\bin\extnet.dll
0x00007fff5a190000 - 0x00007fff5a1ab000 	C:\WINDOWS\SYSTEM32\CRYPTSP.dll
0x00007fff597a0000 - 0x00007fff597d9000 	C:\WINDOWS\system32\rsaenh.dll
0x00007fff59e40000 - 0x00007fff59e73000 	C:\WINDOWS\SYSTEM32\USERENV.dll
0x00007fff5a9e0000 - 0x00007fff5aa0a000 	C:\WINDOWS\SYSTEM32\bcrypt.dll
0x00007fff59ff0000 - 0x00007fff59ffc000 	C:\WINDOWS\SYSTEM32\CRYPTBASE.dll
0x00007fff2ba40000 - 0x00007fff2ba48000 	C:\WINDOWS\system32\wshunix.dll
0x00007fff2baa0000 - 0x00007fff2bab8000 	C:\WINDOWS\system32\napinsp.dll
0x00007fff59310000 - 0x00007fff59442000 	C:\WINDOWS\SYSTEM32\DNSAPI.dll
0x00007fff2ba80000 - 0x00007fff2ba93000 	C:\WINDOWS\System32\winrnr.dll
0x00007fff2ba50000 - 0x00007fff2ba72000 	C:\WINDOWS\system32\nlansp_c.dll
0x00007fff4cf20000 - 0x00007fff4cf36000 	C:\WINDOWS\system32\wshbth.dll
0x00007fff4ede0000 - 0x00007fff4edeb000 	C:\Windows\System32\rasadhlp.dll
0x00007fff55310000 - 0x00007fff55396000 	C:\WINDOWS\System32\fwpuclnt.dll

JVMTI agents:
C:\Users\michael\.gradle\wrapper\dists\gradle-8.13-bin\5xuhj0ry160q40clulazy9h7d\gradle-8.13\lib\agents\gradle-instrumentation-agent-8.13.jar path:C:\Program Files\Android\Android Studio\jbr\bin\instrument.dll, loaded, initialized, instrumentlib options:none

dbghelp: loaded successfully - version: 4.0.5 - missing functions: none
symbol engine: initialized successfully - sym options: 0x614 - pdb path: .;C:\Program Files\Android\Android Studio\jbr\bin;C:\WINDOWS\SYSTEM32;C:\WINDOWS\WinSxS\amd64_microsoft.windows.common-controls_6595b64144ccf1df_6.0.26100.8115_none_3e075c82e3354f9c;C:\Program Files\Android\Android Studio\jbr\bin\server;C:\Users\michael\.gradle\native\1def1411415f61bf3af743bc5b6707747c0891f09f0c88961ee8f79bc544acac\windows-amd64;C:\Users\michael\.gradle\native\0.2.7\x86_64-windows-gnu

VM Arguments:
jvm_args: --add-opens=java.base/java.lang=ALL-UNNAMED --add-opens=java.base/java.lang.invoke=ALL-UNNAMED --add-opens=java.base/java.util=ALL-UNNAMED --add-opens=java.prefs/java.util.prefs=ALL-UNNAMED --add-exports=jdk.compiler/com.sun.tools.javac.api=ALL-UNNAMED --add-exports=jdk.compiler/com.sun.tools.javac.util=ALL-UNNAMED --add-opens=java.base/java.util=ALL-UNNAMED --add-opens=java.prefs/java.util.prefs=ALL-UNNAMED --add-opens=java.base/java.nio.charset=ALL-UNNAMED --add-opens=java.base/java.net=ALL-UNNAMED --add-opens=java.base/java.util.concurrent.atomic=ALL-UNNAMED --add-opens=java.xml/javax.xml.namespace=ALL-UNNAMED -Xmx2048m -Dfile.encoding=UTF-8 -Duser.country=US -Duser.language=en -Duser.variant -javaagent:C:\Users\michael\.gradle\wrapper\dists\gradle-8.13-bin\5xuhj0ry160q40clulazy9h7d\gradle-8.13\lib\agents\gradle-instrumentation-agent-8.13.jar 
java_command: org.gradle.launcher.daemon.bootstrap.GradleDaemon 8.13
java_class_path (initial): C:\Users\michael\.gradle\wrapper\dists\gradle-8.13-bin\5xuhj0ry160q40clulazy9h7d\gradle-8.13\lib\gradle-daemon-main-8.13.jar
Launcher Type: SUN_STANDARD

[Global flags]
     intx CICompilerCount                          = 4                                         {product} {ergonomic}
     uint ConcGCThreads                            = 2                                         {product} {ergonomic}
     uint G1ConcRefinementThreads                  = 8                                         {product} {ergonomic}
   size_t G1HeapRegionSize                         = 1048576                                   {product} {ergonomic}
    uintx GCDrainStackTargetSize                   = 64                                        {product} {ergonomic}
   size_t InitialHeapSize                          = 262144000                                 {product} {ergonomic}
   size_t MarkStackSize                            = 4194304                                   {product} {ergonomic}
   size_t MaxHeapSize                              = 2147483648                                {product} {command line}
   size_t MaxNewSize                               = 1287651328                                {product} {ergonomic}
   size_t MinHeapDeltaBytes                        = 1048576                                   {product} {ergonomic}
   size_t MinHeapSize                              = 8388608                                   {product} {ergonomic}
    uintx NonNMethodCodeHeapSize                   = 5839372                                {pd product} {ergonomic}
    uintx NonProfiledCodeHeapSize                  = 122909434                              {pd product} {ergonomic}
    uintx ProfiledCodeHeapSize                     = 122909434                              {pd product} {ergonomic}
    uintx ReservedCodeCacheSize                    = 251658240                              {pd product} {ergonomic}
     bool SegmentedCodeCache                       = true                                      {product} {ergonomic}
   size_t SoftMaxHeapSize                          = 2147483648                             {manageable} {ergonomic}
     bool UseCompressedOops                        = true                           {product lp64_product} {ergonomic}
     bool UseG1GC                                  = true                                      {product} {ergonomic}
     bool UseLargePagesIndividualAllocation        = false                                  {pd product} {ergonomic}

Logging:
Log output configuration:
 #0: stdout all=warning uptime,level,tags foldmultilines=false
 #1: stderr all=off uptime,level,tags foldmultilines=false

Environment Variables:
PATH=C:\Users\michael\AppData\Local\Programs\Python\Python311\;C:\Users\michael\AppData\Local\Programs\Python\Python311\Scripts\;C:\Users\michael\AppData\Local\Programs\Python\Python314\;C:\Users\michael\AppData\Local\Programs\Python\Python314\Scripts\;C:\Users\michael\AppData\Local\Programs\Python\Launcher\;C:\Program Files\Common Files\Oracle\Java\javapath;C:\Program Files (x86)\Common Files\Oracle\Java\java8path;C:\Program Files (x86)\Common Files\Oracle\Java\javapath;C:\Windows\System32;C:\Windows;C:\Windows\System32\Wbem;C:\Windows\System32\WindowsPowerShell\v1.0\;C:\Users\michael\Downloads\php-8.4.3-Win32-vs17-x64;C:\Program Files\MySQL\MySQL Server 8.0\bin;C:\Program Files\dotnet\;C:\PHP4\php.exe;C:\Users\michael\AppData\Roaming\Python\Python310\Scripts;C:\Users\michael\AppData\Roaming\Python\Python310\;C:\Users\michael\Downloads\kotlin-compiler-2.2.21\kotlinc\bin;C:\Users\michael\AppData\Roaming\npm;C:\Users\michael\AppData\Local\nvm;C:\nvm4w\nodejs;C:\Program Files\MySQL\MySQL Workbench 8.0 CE;C:\Program Files\Git\bin;C:\Users\michael\AppData\Local\Android\Sdk;C:\Program Files\Microsoft SQL Server\150\Tools\Binn\;C:\Program Files\Microsoft SQL Server\Client SDK\ODBC\170\Tools\Binn\;C:\ngrok;C:\Users\michael\AppData\Local\Programs\Python\Python311\;C:\Users\michael\AppData\Local\Programs\Python\Python311\Scripts\;C:\Users\michael\AppData\Local\Programs\Python\Python314\;C:\Users\michael\AppData\Local\Programs\Python\Python314\Scripts\;C:\Users\michael\AppData\Local\Programs\Python\Launcher\;C:\Program Files\Common Files\Oracle\Java\javapath;C:\Program Files (x86)\Common Files\Oracle\Java\java8path;C:\Program Files (x86)\Common Files\Oracle\Java\javapath;C:\Windows\System32;C:\Windows;C:\Windows\System32\Wbem;C:\Windows\System32\WindowsPowerShell\v1.0\;C:\Users\michael\Downloads\php-8.4.3-Win32-vs17-x64;C:\Program Files\MySQL\MySQL Server 8.0\bin;C:\Program Files\dotnet\;C:\PHP4\php.exe;C:\Users\michael\AppData\Roaming\Python\Python310\Scripts;C:\Users\michael\AppData\Roaming\Python\Python310\;C:\Users\michael\Downloads\kotlin-compiler-2.2.21\kotlinc\bin;C:\Users\michael\AppData\Roaming\npm;C:\Users\michael\AppData\Local\nvm;C:\nvm4w\nodejs;C:\Program Files\MySQL\MySQL Workbench 8.0 CE;C:\Program ;C:\Users\michael\AppData\Local\Programs\Microsoft VS Code\bin;C:\Users\michael\AppData\Local\Programs\Antigravity\bin
USERNAME=michael
OS=Windows_NT
PROCESSOR_IDENTIFIER=Intel64 Family 6 Model 142 Stepping 12, GenuineIntel
TMP=C:\Users\michael\AppData\Local\Temp
TEMP=C:\Users\michael\AppData\Local\Temp




Periodic native trim disabled

JNI global refs:
JNI global refs: 30, weak refs: 55

JNI global refs memory usage: 835, weak refs: 1465

Process memory usage:
Resident Set Size: 743808K (4% of 16368112K total physical memory with 1816804K free physical memory)

OOME stack traces (most recent first):
Classloader memory used:
Loader org.gradle.internal.classloader.VisitableURLClassLoader                         : 45249K
Loader org.gradle.internal.classloader.VisitableURLClassLoader$InstrumentingVisitableURLClassLoader: 42596K
Loader bootstrap                                                                       : 30486K
Loader org.gradle.initialization.MixInLegacyTypesClassLoader                           : 13374K
Loader jdk.internal.loader.ClassLoaders$PlatformClassLoader                            : 515K
Loader jdk.internal.reflect.DelegatingClassLoader                                      : 397K
Loader jdk.internal.loader.ClassLoaders$AppClassLoader                                 : 237K
Loader org.gradle.internal.classloader.VisitableURLClassLoader                         : 226K
Loader org.gradle.groovy.scripts.internal.DefaultScriptCompilationHandler$ScriptClassLoader: 176K
Loader org.codehaus.groovy.runtime.callsite.CallSiteClassLoader                        : 40856B

Classes loaded by more than one classloader:
Class Program                                                                         : loaded 5 times (x 72B)
Class Build_gradle                                                                    : loaded 3 times (x 130B)
Class Build_gradle$1                                                                  : loaded 3 times (x 74B)
Class com.google.common.collect.RegularImmutableMap$KeySet                            : loaded 2 times (x 152B)
Class org.gradle.internal.classloader.FilteringClassLoader                            : loaded 2 times (x 105B)
Class com.google.common.io.FileWriteMode                                              : loaded 2 times (x 79B)
Class com.google.common.base.CharMatcher$IsEither                                     : loaded 2 times (x 111B)
Class org.gradle.internal.classloader.ClassLoaderHierarchy                            : loaded 2 times (x 70B)
Class com.google.common.collect.AbstractMapBasedMultimap$WrappedCollection            : loaded 2 times (x 124B)
Class com.google.common.collect.ImmutableEnumSet                                      : loaded 2 times (x 146B)
Class com.google.common.util.concurrent.ExecutionError                                : loaded 2 times (x 82B)
Class com.google.common.collect.ImmutableList$1                                       : loaded 2 times (x 97B)
Class ijJvmDebugger1_cg4hahllswb3lihrkjppo7i7a                                        : loaded 2 times (x 179B)
Class org.gradle.api.internal.classpath.ManifestUtil                                  : loaded 2 times (x 71B)
Class com.google.common.io.ByteArrayDataOutput                                        : loaded 2 times (x 70B)
Class com.google.common.collect.RegularImmutableMap                                   : loaded 2 times (x 121B)
Class com.google.common.collect.ImmutableMap$MapViewOfValuesAsSingletonSets           : loaded 2 times (x 126B)
Class [Lorg.objectweb.asm.Symbol;                                                     : loaded 2 times (x 69B)
Class org.objectweb.asm.ClassVisitor                                                  : loaded 2 times (x 88B)
Class com.google.common.collect.UnmodifiableListIterator                              : loaded 2 times (x 95B)
Class com.google.common.base.Platform$JdkPatternCompiler                              : loaded 2 times (x 75B)
Class org.objectweb.asm.MethodTooLargeException                                       : loaded 2 times (x 83B)
Class [Lcom.google.common.cache.CacheBuilder$OneWeigher;                              : loaded 2 times (x 69B)
Class com.google.common.base.Suppliers                                                : loaded 2 times (x 71B)
Class org.gradle.internal.classloader.DefaultClassLoaderFactory                       : loaded 2 times (x 82B)
Class ijKotlinCoroutineJvmDebugInit1_5z9i1ydyd072896lb3lwaixeu                        : loaded 2 times (x 179B)
Class org.gradle.internal.classloader.ClassLoaderVisitor                              : loaded 2 times (x 76B)
Class [Lcom.google.common.collect.ImmutableMapEntry;                                  : loaded 2 times (x 69B)
Class org.gradle.api.internal.classpath.EffectiveClassPath                            : loaded 2 times (x 90B)
Class [Lorg.apache.commons.io.StandardLineSeparator;                                  : loaded 2 times (x 69B)
Class org.apache.commons.io.output.StringBuilderWriter                                : loaded 2 times (x 100B)
Class com.google.common.collect.ImmutableRangeSet                                     : loaded 2 times (x 115B)
Class com.google.common.collect.ListMultimap                                          : loaded 2 times (x 70B)
Class com.google.common.collect.ImmutableEnumMap                                      : loaded 2 times (x 126B)
Class com.google.common.collect.Sets$1                                                : loaded 2 times (x 139B)
Class org.objectweb.asm.AnnotationVisitor                                             : loaded 2 times (x 78B)
Class org.gradle.api.internal.DefaultClassPathProvider                                : loaded 2 times (x 76B)
Class com.google.common.collect.Maps$ViewCachingAbstractMap                           : loaded 2 times (x 125B)
Class com.google.common.collect.Sets$2                                                : loaded 2 times (x 139B)
Class [Lorg.gradle.api.internal.ClassPathProvider;                                    : loaded 2 times (x 69B)
Class org.gradle.api.internal.ClassPathProvider                                       : loaded 2 times (x 70B)
Class [Lorg.objectweb.asm.AnnotationVisitor;                                          : loaded 2 times (x 69B)
Class com.google.common.collect.Sets$3                                                : loaded 2 times (x 139B)
Class com.google.common.util.concurrent.AbstractFuture$SafeAtomicHelper               : loaded 2 times (x 79B)
Class com.google.common.cache.LocalCache$LocalLoadingCache                            : loaded 2 times (x 134B)
Class org.gradle.internal.service.UnknownServiceException                             : loaded 2 times (x 83B)
Class com.google.common.io.ByteArrayDataInput                                         : loaded 2 times (x 70B)
Class com.google.common.collect.Sets$4                                                : loaded 2 times (x 139B)
Class org.objectweb.asm.ModuleVisitor                                                 : loaded 2 times (x 81B)
Class com.google.common.cache.LocalCache$Strength$1                                   : loaded 2 times (x 81B)
Class org.apache.commons.io.output.QueueOutputStream                                  : loaded 2 times (x 87B)
Class com.google.common.util.concurrent.SettableFuture                                : loaded 2 times (x 114B)
Class com.google.common.cache.LocalCache$Strength$2                                   : loaded 2 times (x 81B)
Class com.google.common.io.ByteStreams                                                : loaded 2 times (x 71B)
Class com.google.common.cache.LocalCache$Strength$3                                   : loaded 2 times (x 81B)
Class com.google.common.collect.MapDifference                                         : loaded 2 times (x 70B)
Class org.objectweb.asm.FieldWriter                                                   : loaded 2 times (x 78B)
Class com.google.common.cache.CacheBuilder$NullListener                               : loaded 2 times (x 82B)
Class org.gradle.internal.classpath.TransformedClassPath                              : loaded 2 times (x 96B)
Class org.gradle.internal.classloader.InstrumentingClassLoader                        : loaded 2 times (x 70B)
Class com.google.common.collect.ImmutableListMultimap                                 : loaded 2 times (x 176B)
Class org.apache.commons.io.output.UnsynchronizedByteArrayOutputStream                : loaded 2 times (x 102B)
Class com.google.common.collect.ImmutableRangeSet$AsSet                               : loaded 2 times (x 300B)
Class com.google.common.cache.CacheLoader$FunctionToCacheLoader                       : loaded 2 times (x 75B)
Class com.google.common.collect.Iterators$ArrayItr                                    : loaded 2 times (x 97B)
Class com.google.common.collect.ImmutableCollection$Builder                           : loaded 2 times (x 76B)
Class com.google.common.collect.EmptyImmutableListMultimap                            : loaded 2 times (x 176B)
Class com.google.common.collect.BaseImmutableMultimap                                 : loaded 2 times (x 123B)
Class org.apache.commons.io.output.ByteArrayOutputStream                              : loaded 2 times (x 102B)
Class com.google.common.base.Joiner                                                   : loaded 2 times (x 79B)
Class com.google.common.base.MoreObjects                                              : loaded 2 times (x 71B)
Class com.google.common.collect.Platform                                              : loaded 2 times (x 71B)
Class [Lorg.objectweb.asm.Type;                                                       : loaded 2 times (x 69B)
Class com.google.common.collect.UnmodifiableIterator                                  : loaded 2 times (x 80B)
Class org.gradle.internal.service.ServiceLocator                                      : loaded 2 times (x 70B)
Class com.google.common.base.Ascii                                                    : loaded 2 times (x 71B)
Class com.google.common.cache.LocalCache$1                                            : loaded 2 times (x 89B)
Class com.google.common.collect.SingletonImmutableBiMap                               : loaded 2 times (x 143B)
Class com.google.common.collect.AbstractMapEntry                                      : loaded 2 times (x 81B)
Class com.google.common.collect.Sets$ImprovedAbstractSet                              : loaded 2 times (x 135B)
Class com.google.common.collect.ImmutableList$Builder                                 : loaded 2 times (x 77B)
Class com.google.common.collect.AbstractMultimap                                      : loaded 2 times (x 123B)
Class com.google.common.cache.LocalCache$2                                            : loaded 2 times (x 142B)
Class com.google.common.collect.ImmutableRangeSet$1                                   : loaded 2 times (x 210B)
Class com.google.common.util.concurrent.AbstractFuture$UnsafeAtomicHelper$1           : loaded 2 times (x 76B)
Class com.google.common.collect.RegularImmutableAsList                                : loaded 2 times (x 217B)
Class com.google.common.base.Optional                                                 : loaded 2 times (x 80B)
Class com.google.common.collect.Range                                                 : loaded 2 times (x 87B)
Class com.google.common.util.concurrent.AbstractFuture$Trusted                        : loaded 2 times (x 70B)
Class com.google.common.collect.Iterators                                             : loaded 2 times (x 71B)
Class com.google.common.io.ByteSink$AsCharSink                                        : loaded 2 times (x 80B)
Class com.google.common.collect.Lists$StringAsImmutableList                           : loaded 2 times (x 207B)
Class com.google.common.util.concurrent.UncheckedExecutionException                   : loaded 2 times (x 82B)
Class org.gradle.kotlin.dsl.VersionCatalogAccessorsKt                                 : loaded 2 times (x 71B)
Class org.gradle.internal.InternalTransformer                                         : loaded 2 times (x 70B)
Class com.google.common.collect.AbstractMapBasedMultimap$KeySet$1                     : loaded 2 times (x 82B)
Class org.objectweb.asm.ClassWriter                                                   : loaded 2 times (x 106B)
Class com.google.common.cache.CacheLoader$UnsupportedLoadingOperationException        : loaded 2 times (x 82B)
Class com.google.common.base.CharMatcher$And                                          : loaded 2 times (x 112B)
Class org.gradle.internal.classloader.ClasspathUtil$1                                 : loaded 2 times (x 76B)
Class com.google.common.base.Objects                                                  : loaded 2 times (x 71B)
Class org.objectweb.asm.FieldVisitor                                                  : loaded 2 times (x 77B)
Class com.google.common.collect.IndexedImmutableSet                                   : loaded 2 times (x 152B)
Class com.google.common.collect.ImmutableMap$1                                        : loaded 2 times (x 81B)
Class com.google.common.collect.BiMap                                                 : loaded 2 times (x 70B)
Class org.gradle.api.internal.classpath.DefaultModuleRegistry$DefaultModule           : loaded 2 times (x 86B)
Class com.google.common.primitives.Ints                                               : loaded 2 times (x 71B)
Class com.google.common.collect.AbstractIterator                                      : loaded 2 times (x 82B)
Class com.google.common.collect.ObjectArrays                                          : loaded 2 times (x 71B)
Class com.google.common.collect.Multiset                                              : loaded 2 times (x 70B)
Class com.google.common.base.Equivalence$Identity                                     : loaded 2 times (x 82B)
Class com.google.common.collect.AbstractIndexedListIterator                           : loaded 2 times (x 96B)
Class com.google.common.math.MathPreconditions                                        : loaded 2 times (x 71B)
Class org.apache.commons.io.output.NullOutputStream                                   : loaded 2 times (x 85B)
Class com.google.common.collect.ImmutableMapEntrySet                                  : loaded 2 times (x 152B)
Class org.gradle.api.internal.classpath.Module                                        : loaded 2 times (x 70B)
Class com.google.common.cache.Weigher                                                 : loaded 2 times (x 70B)
Class org.gradle.api.internal.classpath.UnknownModuleException                        : loaded 2 times (x 82B)
Class com.google.common.base.Stopwatch                                                : loaded 2 times (x 72B)
Class com.google.common.cache.LocalCache$Strength                                     : loaded 2 times (x 81B)
Class com.google.common.cache.Cache                                                   : loaded 2 times (x 70B)
Class com.google.common.io.Files$2                                                    : loaded 2 times (x 76B)
Class com.google.common.io.AppendableWriter                                           : loaded 2 times (x 100B)
Class com.google.common.base.NullnessCasts                                            : loaded 2 times (x 71B)
Class com.google.common.util.concurrent.AbstractFuture$Cancellation                   : loaded 2 times (x 72B)
Class com.google.common.collect.ImmutableMap$Builder                                  : loaded 2 times (x 82B)
Class com.google.common.base.Present                                                  : loaded 2 times (x 81B)
Class com.google.common.cache.RemovalListener                                         : loaded 2 times (x 70B)
Class ijJvmDebugger1_cg4hahllswb3lihrkjppo7i7a$_run_closure1$_closure2                : loaded 2 times (x 140B)
Class org.gradle.api.internal.DefaultClassPathRegistry                                : loaded 2 times (x 76B)
Class com.google.common.collect.ImmutableMultimap$Keys                                : loaded 2 times (x 166B)
Class com.google.common.primitives.IntsMethodsForWeb                                  : loaded 2 times (x 71B)
Class com.google.common.collect.Multimap                                              : loaded 2 times (x 70B)
Class org.gradle.api.internal.ClassPathRegistry                                       : loaded 2 times (x 70B)
Class org.gradle.internal.classpath.DefaultClassPath$ImmutableUniqueList              : loaded 2 times (x 199B)
Class com.google.common.base.ExtraObjectsMethodsForWeb                                : loaded 2 times (x 71B)
Class org.apache.commons.io.IOUtils                                                   : loaded 2 times (x 71B)
Class com.google.common.base.PairwiseEquivalence                                      : loaded 2 times (x 83B)
Class com.google.common.io.ByteSink                                                   : loaded 2 times (x 76B)
Class com.google.common.cache.CacheBuilder                                            : loaded 2 times (x 72B)
Class com.google.common.collect.SingletonImmutableList                                : loaded 2 times (x 207B)
Class Settings_gradle$1                                                               : loaded 2 times (x 74B)
Class org.gradle.internal.classpath.ClassPath                                         : loaded 2 times (x 70B)
Class org.gradle.api.UncheckedIOException                                             : loaded 2 times (x 82B)
Class com.google.common.io.Files$FileByteSource                                       : loaded 2 times (x 85B)
Class com.google.common.base.JdkPattern                                               : loaded 2 times (x 75B)
Class com.google.common.collect.ImmutableList$ReverseImmutableList                    : loaded 2 times (x 209B)
Class com.google.common.io.CharStreams$NullWriter                                     : loaded 2 times (x 99B)
Class org.objectweb.asm.SymbolTable$Entry                                             : loaded 2 times (x 74B)
Class com.google.common.util.concurrent.AbstractFuture$AtomicHelper                   : loaded 2 times (x 78B)
Class org.gradle.internal.Factory                                                     : loaded 2 times (x 70B)
Class org.objectweb.asm.Edge                                                          : loaded 2 times (x 72B)
Class com.google.common.base.Suppliers$SupplierOfInstance                             : loaded 2 times (x 79B)
Class com.google.common.collect.Iterators$1                                           : loaded 2 times (x 81B)
Class ijJvmDebugger1_cg4hahllswb3lihrkjppo7i7a$_run_closure1                          : loaded 2 times (x 139B)
Class com.google.common.cache.LocalCache$ComputingValueReference                      : loaded 2 times (x 96B)
Class com.google.common.collect.SingletonImmutableSet                                 : loaded 2 times (x 146B)
Class com.google.common.collect.ImmutableMap$IteratorBasedImmutableMap                : loaded 2 times (x 126B)
Class com.google.common.cache.LocalCache$Segment                                      : loaded 2 times (x 154B)
Class com.google.common.collect.SortedIterable                                        : loaded 2 times (x 70B)
Class com.google.common.collect.AbstractListMultimap                                  : loaded 2 times (x 172B)
Class [Lorg.objectweb.asm.SymbolTable$Entry;                                          : loaded 2 times (x 69B)
Class com.google.common.cache.CacheLoader                                             : loaded 2 times (x 74B)
Class com.google.common.collect.Iterators$4                                           : loaded 2 times (x 82B)
Class com.google.common.collect.ImmutableBiMap                                        : loaded 2 times (x 143B)
Class org.gradle.internal.installation.GradleInstallation$1                           : loaded 2 times (x 75B)
Class org.gradle.api.internal.classpath.ModuleRegistry                                : loaded 2 times (x 70B)
Class org.apache.commons.io.output.NullWriter                                         : loaded 2 times (x 99B)
Class com.google.common.util.concurrent.internal.InternalFutureFailureAccess          : loaded 2 times (x 72B)
Class com.google.common.collect.Iterators$5                                           : loaded 2 times (x 82B)
Class com.google.common.collect.ImmutableSet$JdkBackedSetBuilderImpl                  : loaded 2 times (x 76B)
Class com.google.common.collect.ImmutableMultimap$Values                              : loaded 2 times (x 126B)
Class com.google.common.util.concurrent.AbstractFuture$UnsafeAtomicHelper             : loaded 2 times (x 78B)
Class com.google.common.cache.LocalCache$LocalManualCache$1                           : loaded 2 times (x 75B)
Class com.google.common.base.CharMatcher$ForPredicate                                 : loaded 2 times (x 112B)
Class com.google.common.base.CharMatcher$AnyOf                                        : loaded 2 times (x 112B)
Class com.google.common.collect.ImmutableCollection                                   : loaded 2 times (x 125B)
Class org.gradle.api.internal.classpath.DefaultModuleRegistry                         : loaded 2 times (x 86B)
Class com.google.common.collect.Lists                                                 : loaded 2 times (x 71B)
Class com.google.common.util.concurrent.ListenableFuture                              : loaded 2 times (x 70B)
Class com.google.common.cache.ReferenceEntry                                          : loaded 2 times (x 70B)
Class com.google.common.base.Converter                                                : loaded 2 times (x 90B)
Class com.google.common.collect.ImmutableSet$CachingAsList                            : loaded 2 times (x 148B)
Class com.google.common.collect.AbstractMapBasedMultimap                              : loaded 2 times (x 139B)
Class com.google.common.util.concurrent.AbstractFuture                                : loaded 2 times (x 106B)
Class com.google.common.base.FunctionalEquivalence                                    : loaded 2 times (x 83B)
Class com.google.common.collect.Iterators$9                                           : loaded 2 times (x 81B)
Class com.google.common.collect.ImmutableAsList                                       : loaded 2 times (x 209B)
Class com.google.common.io.CharStreams                                                : loaded 2 times (x 71B)
Class com.google.common.collect.ImmutableMultiset                                     : loaded 2 times (x 163B)
Class org.objectweb.asm.RecordComponentVisitor                                        : loaded 2 times (x 77B)
Class com.google.common.cache.CacheLoader$SupplierToCacheLoader                       : loaded 2 times (x 75B)
Class com.google.common.collect.Maps$EntryTransformer                                 : loaded 2 times (x 70B)
Class org.gradle.internal.service.ServiceLookupException                              : loaded 2 times (x 82B)
Class com.google.common.collect.ImmutableSortedSet                                    : loaded 2 times (x 300B)
Class [Lcom.google.common.cache.LocalCache$EntryFactory;                              : loaded 2 times (x 69B)
Class org.gradle.internal.classloader.ClassLoaderFactory                              : loaded 2 times (x 70B)
Class org.apache.commons.io.CloseableURLConnection                                    : loaded 2 times (x 116B)
Class com.google.common.base.CommonPattern                                            : loaded 2 times (x 74B)
Class com.google.common.cache.LocalCache$LocalManualCache                             : loaded 2 times (x 99B)
Class com.google.common.base.CharMatcher$IsNot                                        : loaded 2 times (x 111B)
Class org.gradle.internal.service.CachingServiceLocator                               : loaded 2 times (x 82B)
Class com.google.common.collect.AbstractMapBasedMultimap$KeySet                       : loaded 2 times (x 137B)
Class com.google.common.collect.RegularImmutableSortedSet                             : loaded 2 times (x 300B)
Class com.google.common.math.IntMath                                                  : loaded 2 times (x 71B)
Class com.google.common.collect.ImmutableMapEntry                                     : loaded 2 times (x 85B)
Class com.google.common.collect.ImmutableMultimap                                     : loaded 2 times (x 147B)
Class com.google.common.base.Equivalence                                              : loaded 2 times (x 82B)
Class com.google.common.base.Function                                                 : loaded 2 times (x 70B)
Class com.google.common.collect.ImmutableMapEntry$NonTerminalImmutableMapEntry        : loaded 2 times (x 85B)
Class org.apache.commons.io.output.AbstractByteArrayOutputStream                      : loaded 2 times (x 102B)
Class com.google.common.cache.CacheBuilder$OneWeigher                                 : loaded 2 times (x 82B)
Class com.google.common.collect.RegularImmutableList                                  : loaded 2 times (x 213B)
Class org.gradle.internal.classloader.ClasspathUtil                                   : loaded 2 times (x 71B)
Class com.google.common.base.Charsets                                                 : loaded 2 times (x 71B)
Class com.google.common.util.concurrent.Uninterruptibles                              : loaded 2 times (x 71B)
Class com.google.common.collect.Maps                                                  : loaded 2 times (x 71B)
Class org.gradle.api.specs.Spec                                                       : loaded 2 times (x 70B)
Class [Lcom.google.common.collect.ImmutableEntry;                                     : loaded 2 times (x 69B)
Class com.google.common.cache.LocalCache$LoadingValueReference                        : loaded 2 times (x 96B)
Class com.google.common.collect.ArrayListMultimapGwtSerializationDependencies         : loaded 2 times (x 172B)
Class com.google.common.io.LineReader$1                                               : loaded 2 times (x 75B)
Class com.google.common.collect.CollectSpliterators                                   : loaded 2 times (x 71B)
Class com.google.common.collect.AbstractMapBasedMultimap$AsMap                        : loaded 2 times (x 128B)
Class com.google.common.base.Platform                                                 : loaded 2 times (x 71B)
Class com.google.common.collect.AbstractMapBasedMultimap$WrappedList                  : loaded 2 times (x 205B)
Class [Lorg.objectweb.asm.AnnotationWriter;                                           : loaded 2 times (x 69B)
Class com.google.common.collect.Maps$8                                                : loaded 2 times (x 82B)
Class com.google.common.collect.ImmutableRangeSet$Builder                             : loaded 2 times (x 77B)
Class com.google.common.collect.Sets$SetView                                          : loaded 2 times (x 138B)
Class com.google.common.cache.LocalCache$StrongValueReference                         : loaded 2 times (x 90B)
Class com.google.common.util.concurrent.AbstractFuture$SynchronizedHelper             : loaded 2 times (x 78B)
Class com.google.common.graph.SuccessorsFunction                                      : loaded 2 times (x 70B)
Class org.objectweb.asm.Type                                                          : loaded 2 times (x 72B)
Class org.gradle.internal.classloader.VisitableURLClassLoader$InstrumentingVisitableURLClassLoader: loaded 2 times (x 123B)
Class com.google.common.io.Files$FileByteSink                                         : loaded 2 times (x 77B)
Class org.objectweb.asm.ByteVector                                                    : loaded 2 times (x 79B)
Class [Lcom.google.common.cache.CacheBuilder$NullListener;                            : loaded 2 times (x 69B)
Class com.google.common.math.IntMath$1                                                : loaded 2 times (x 71B)
Class ijKotlinCoroutineJvmDebugInit1_5z9i1ydyd072896lb3lwaixeu$_run_closure1$_closure2: loaded 2 times (x 139B)
Class org.gradle.internal.classloader.VisitableURLClassLoader$Spec                    : loaded 2 times (x 74B)
Class org.gradle.internal.classpath.DefaultClassPath                                  : loaded 2 times (x 90B)
Class org.objectweb.asm.Symbol                                                        : loaded 2 times (x 73B)
Class com.google.common.io.Closer                                                     : loaded 2 times (x 78B)
Class com.google.common.io.Java8Compatibility                                         : loaded 2 times (x 71B)
Class com.google.common.base.CharMatcher$Ascii                                        : loaded 2 times (x 112B)
Class com.google.common.base.CharMatcher$BitSetMatcher                                : loaded 2 times (x 112B)
Class com.google.common.collect.RegularImmutableMap$Values                            : loaded 2 times (x 207B)
Class com.google.common.collect.ImmutableSet                                          : loaded 2 times (x 145B)
Class ijKotlinCoroutineJvmDebugInit1_5z9i1ydyd072896lb3lwaixeu$_run_closure1          : loaded 2 times (x 139B)
Class org.gradle.internal.classloader.ClassLoaderSpec                                 : loaded 2 times (x 71B)
Class org.objectweb.asm.AnnotationWriter                                              : loaded 2 times (x 79B)
Class com.google.common.cache.CacheStats                                              : loaded 2 times (x 71B)
Class com.google.common.io.Closer$Suppressor                                          : loaded 2 times (x 70B)
Class com.google.common.io.LineProcessor                                              : loaded 2 times (x 70B)
Class com.google.common.collect.ImmutableMultisetGwtSerializationDependencies         : loaded 2 times (x 125B)
Class org.objectweb.asm.RecordComponentWriter                                         : loaded 2 times (x 78B)
Class com.google.common.util.concurrent.AbstractFuture$Listener                       : loaded 2 times (x 72B)
Class com.google.common.base.CharMatcher$Or                                           : loaded 2 times (x 112B)
Class Settings_gradle$1$1                                                             : loaded 2 times (x 74B)
Class org.objectweb.asm.Attribute                                                     : loaded 2 times (x 77B)
Class com.google.common.base.Supplier                                                 : loaded 2 times (x 70B)
Class org.gradle.internal.classloader.VisitableURLClassLoader                         : loaded 2 times (x 117B)
Class com.google.common.util.concurrent.AbstractFuture$Waiter                         : loaded 2 times (x 72B)
Class Settings_gradle                                                                 : loaded 2 times (x 128B)
Class org.gradle.internal.Cast                                                        : loaded 2 times (x 71B)
Class org.gradle.api.Action                                                           : loaded 2 times (x 70B)
Class com.google.common.base.Strings                                                  : loaded 2 times (x 71B)
Class com.google.common.collect.Sets                                                  : loaded 2 times (x 71B)
Class org.objectweb.asm.Handler                                                       : loaded 2 times (x 72B)
Class com.google.common.base.Ticker                                                   : loaded 2 times (x 72B)
Class com.google.common.base.CharMatcher$FastMatcher                                  : loaded 2 times (x 111B)
Class [Lcom.google.common.cache.LocalCache$Segment;                                   : loaded 2 times (x 69B)
Class [Lcom.google.common.cache.LocalCache$Strength;                                  : loaded 2 times (x 69B)
Class com.google.common.cache.CacheBuilder$1                                          : loaded 2 times (x 85B)
Class com.google.common.base.Predicate                                                : loaded 2 times (x 70B)
Class com.google.common.collect.ImmutableMap                                          : loaded 2 times (x 120B)
Class org.gradle.internal.classpath.DefaultClassPath$ImmutableUniqueList$Builder      : loaded 2 times (x 75B)
Class com.google.common.collect.AbstractRangeSet                                      : loaded 2 times (x 114B)
Class com.google.common.cache.LocalCache                                              : loaded 2 times (x 187B)
Class com.google.common.cache.CacheBuilder$2                                          : loaded 2 times (x 79B)
Class com.google.common.base.CharMatcher$NegatedFastMatcher                           : loaded 2 times (x 113B)
Class com.google.common.collect.ArrayListMultimap                                     : loaded 2 times (x 172B)
Class com.google.common.cache.CacheBuilder$3                                          : loaded 2 times (x 72B)
Class [Lcom.google.common.collect.AbstractMapEntry;                                   : loaded 2 times (x 69B)
Class com.google.common.collect.ImmutableEntry                                        : loaded 2 times (x 82B)
Class org.gradle.api.GradleException                                                  : loaded 2 times (x 82B)
Class com.google.common.base.Suppliers$MemoizingSupplier                              : loaded 2 times (x 79B)
Class org.apache.commons.io.StandardLineSeparator                                     : loaded 2 times (x 79B)
Class com.google.common.collect.CollectPreconditions                                  : loaded 2 times (x 71B)
Class [Lcom.google.common.io.FileWriteMode;                                           : loaded 2 times (x 69B)
Class com.google.common.collect.SortedMapDifference                                   : loaded 2 times (x 70B)
Class com.google.common.io.Files                                                      : loaded 2 times (x 71B)
Class com.google.common.cache.LocalCache$EntryFactory                                 : loaded 2 times (x 83B)
Class com.google.common.cache.LocalCache$AbstractReferenceEntry                       : loaded 2 times (x 107B)
Class org.gradle.internal.IoActions                                                   : loaded 2 times (x 71B)
Class com.google.common.collect.ImmutableRangeSet$ComplementRanges                    : loaded 2 times (x 207B)
Class org.objectweb.asm.SymbolTable                                                   : loaded 2 times (x 72B)
Class com.google.common.cache.CacheLoader$InvalidCacheLoadException                   : loaded 2 times (x 82B)
Class com.google.common.collect.ImmutableSet$RegularSetBuilderImpl                    : loaded 2 times (x 77B)
Class org.gradle.internal.classloader.SystemClassLoaderSpec                           : loaded 2 times (x 71B)
Class com.google.common.cache.LocalCache$StrongEntry                                  : loaded 2 times (x 108B)
Class com.google.common.util.concurrent.AbstractFuture$TrustedFuture                  : loaded 2 times (x 114B)
Class com.google.common.cache.LoadingCache                                            : loaded 2 times (x 70B)
Class com.google.common.io.ByteStreams$LimitedInputStream                             : loaded 2 times (x 92B)
Class com.google.common.base.Suppliers$NonSerializableMemoizingSupplier               : loaded 2 times (x 79B)
Class org.objectweb.asm.MethodWriter                                                  : loaded 2 times (x 106B)
Class [Lcom.google.common.cache.Weigher;                                              : loaded 2 times (x 69B)
Class com.google.common.collect.RegularImmutableMap$BucketOverflowException           : loaded 2 times (x 82B)
Class com.google.common.collect.ImmutableMultimap$1                                   : loaded 2 times (x 82B)
Class com.google.common.collect.AbstractMapBasedMultimap$RandomAccessWrappedList      : loaded 2 times (x 205B)
Class com.google.common.collect.ImmutableMultimap$2                                   : loaded 2 times (x 81B)
Class com.google.common.cache.LocalCache$ValueReference                               : loaded 2 times (x 70B)
Class com.google.common.base.CharMatcher$Negated                                      : loaded 2 times (x 113B)
Class com.google.common.base.CharMatcher$Is                                           : loaded 2 times (x 111B)
Class com.google.common.collect.RegularImmutableBiMap                                 : loaded 2 times (x 149B)
Class com.google.common.base.PatternCompiler                                          : loaded 2 times (x 70B)
Class com.google.common.util.concurrent.AbstractFuture$Failure                        : loaded 2 times (x 72B)
Class com.google.common.base.Equivalence$Equals                                       : loaded 2 times (x 82B)
Class com.google.common.collect.Hashing                                               : loaded 2 times (x 71B)
Class com.google.common.base.Preconditions                                            : loaded 2 times (x 71B)
Class com.google.common.io.CharSink                                                   : loaded 2 times (x 79B)
Class com.google.common.base.Joiner$1                                                 : loaded 2 times (x 80B)
Class org.objectweb.asm.Label                                                         : loaded 2 times (x 73B)
Class org.objectweb.asm.CurrentFrame                                                  : loaded 2 times (x 73B)
Class org.objectweb.asm.ClassTooLargeException                                        : loaded 2 times (x 83B)
Class com.google.common.base.CharMatcher                                              : loaded 2 times (x 111B)
Class com.google.common.collect.PeekingIterator                                       : loaded 2 times (x 70B)
Class com.google.common.collect.RangeGwtSerializationDependencies                     : loaded 2 times (x 71B)
Class com.google.common.base.Joiner$2                                                 : loaded 2 times (x 79B)
Class org.objectweb.asm.Frame                                                         : loaded 2 times (x 73B)
Class org.objectweb.asm.MethodVisitor                                                 : loaded 2 times (x 105B)
Class com.google.common.cache.LocalCache$EntryFactory$1                               : loaded 2 times (x 83B)
Class [Lcom.google.common.cache.RemovalListener;                                      : loaded 2 times (x 69B)
Class com.google.common.base.CharMatcher$1                                            : loaded 2 times (x 113B)
Class com.google.common.base.CharMatcher$NamedFastMatcher                             : loaded 2 times (x 112B)
Class com.google.common.collect.RangeSet                                              : loaded 2 times (x 70B)
Class com.google.common.cache.LocalCache$EntryFactory$2                               : loaded 2 times (x 83B)
Class org.gradle.api.internal.classpath.GlobalCacheRootsProvider                      : loaded 2 times (x 70B)
Class com.google.common.collect.CollectCollectors                                     : loaded 2 times (x 71B)
Class org.objectweb.asm.ModuleWriter                                                  : loaded 2 times (x 82B)
Class com.google.common.cache.LocalCache$EntryFactory$3                               : loaded 2 times (x 83B)
Class com.google.common.base.Ticker$1                                                 : loaded 2 times (x 72B)
Class com.google.common.collect.Maps$BiMapConverter                                   : loaded 2 times (x 90B)
Class com.google.common.collect.ImmutableMapEntrySet$RegularEntrySet                  : loaded 2 times (x 152B)
Class com.google.common.collect.CollectSpliterators$1                                 : loaded 2 times (x 90B)
Class com.google.common.cache.LocalCache$EntryFactory$4                               : loaded 2 times (x 83B)
Class com.google.common.base.CharMatcher$InRange                                      : loaded 2 times (x 111B)
Class com.google.common.collect.ImmutableSet$Builder                                  : loaded 2 times (x 85B)
Class com.google.common.io.ByteStreams$1                                              : loaded 2 times (x 85B)
Class com.google.common.cache.LocalCache$EntryFactory$5                               : loaded 2 times (x 83B)
Class com.google.common.io.LineReader                                                 : loaded 2 times (x 72B)
Class org.apache.commons.io.output.AppendableWriter                                   : loaded 2 times (x 100B)
Class com.google.common.cache.LocalCache$EntryFactory$6                               : loaded 2 times (x 83B)
Class org.gradle.internal.installation.CurrentGradleInstallationLocator               : loaded 2 times (x 71B)
Class com.google.common.collect.ImmutableMultimap$Builder                             : loaded 2 times (x 86B)
Class org.apache.commons.io.output.ThresholdingOutputStream                           : loaded 2 times (x 95B)
Class com.google.common.collect.Maps$KeySet                                           : loaded 2 times (x 137B)
Class com.google.common.cache.LocalCache$EntryFactory$7                               : loaded 2 times (x 83B)
Class com.google.common.collect.ImmutableSet$EmptySetBuilderImpl                      : loaded 2 times (x 76B)
Class com.google.common.collect.ImmutableList                                         : loaded 2 times (x 206B)
Class org.gradle.internal.service.DefaultServiceLocator                               : loaded 2 times (x 83B)
Class com.google.common.collect.ImmutableMultimap$EntryCollection                     : loaded 2 times (x 128B)
Class com.google.common.collect.Maps$EntrySet                                         : loaded 2 times (x 136B)
Class com.google.common.cache.LocalCache$EntryFactory$8                               : loaded 2 times (x 83B)
Class com.google.common.collect.ImmutableSet$SetBuilderImpl                           : loaded 2 times (x 76B)
Class org.gradle.internal.installation.CurrentGradleInstallation                      : loaded 2 times (x 73B)
Class com.google.common.cache.CacheLoader$1                                           : loaded 2 times (x 75B)
Class com.google.common.collect.ForwardingObject                                      : loaded 2 times (x 72B)
Class com.google.common.collect.ImmutableList$SubList                                 : loaded 2 times (x 209B)
Class org.gradle.util.internal.GUtil                                                  : loaded 2 times (x 71B)
Class com.google.common.io.ByteSource                                                 : loaded 2 times (x 84B)
Class com.google.common.util.concurrent.AbstractFuture$SetFuture                      : loaded 2 times (x 75B)
Class com.google.common.cache.AbstractCache$StatsCounter                              : loaded 2 times (x 70B)
Class com.google.common.io.LineBuffer                                                 : loaded 2 times (x 75B)
Class com.google.common.collect.Iterators$MergingIterator                             : loaded 2 times (x 81B)
Class com.google.common.collect.RegularImmutableSet                                   : loaded 2 times (x 149B)
Class org.gradle.internal.installation.GradleInstallation                             : loaded 2 times (x 75B)
Class com.google.common.collect.Iterables                                             : loaded 2 times (x 71B)

---------------  S Y S T E M  ---------------

OS:
 Windows 11 , 64 bit Build 26100 (10.0.26100.8246)
OS uptime: 7 days 0:25 hours
Hyper-V role detected

CPU: total 8 (initial active 8) (4 cores per cpu, 2 threads per core) family 6 model 142 stepping 12 microcode 0xf8, cx8, cmov, fxsr, ht, mmx, 3dnowpref, sse, sse2, sse3, ssse3, sse4.1, sse4.2, popcnt, lzcnt, tsc, tscinvbit, avx, avx2, aes, erms, clmul, bmi1, bmi2, adx, fma, vzeroupper, clflush, clflushopt, hv, rdtscp, f16c
Processor Information for the first 8 processors :
  Max Mhz: 2304, Current Mhz: 1803, Mhz Limit: 1797

Memory: 4k page, system-wide physical 15984M (1768M free)
TotalPageFile size 32390M (AvailPageFile size 423M)
current process WorkingSet (physical memory assigned to process): 732M, peak: 732M
current process commit charge ("private bytes"): 787M, peak: 1207M

vm_info: OpenJDK 64-Bit Server VM (21.0.8+-14018985-b1038.68) for windows-amd64 JRE (21.0.8+-14018985-b1038.68), built on 2025-08-29T19:56:34Z by "builder" with MS VC++ 16.10 / 16.11 (VS2019)

END.
